{
    "name": "root",
    "gauges": {
        "Gabe.Policy.Entropy.mean": {
            "value": 1.443092703819275,
            "min": 1.4365365505218506,
            "max": 1.4463186264038086,
            "count": 10
        },
        "Gabe.Policy.Entropy.sum": {
            "value": 72157.5234375,
            "min": 71894.34375,
            "max": 72313.0390625,
            "count": 10
        },
        "Gabe.Step.mean": {
            "value": 499986.0,
            "min": 49983.0,
            "max": 499986.0,
            "count": 10
        },
        "Gabe.Step.sum": {
            "value": 499986.0,
            "min": 49983.0,
            "max": 499986.0,
            "count": 10
        },
        "Gabe.Policy.ExtrinsicValueEstimate.mean": {
            "value": 6.868398666381836,
            "min": 6.245473384857178,
            "max": 6.990871906280518,
            "count": 10
        },
        "Gabe.Policy.ExtrinsicValueEstimate.sum": {
            "value": 7383.52880859375,
            "min": 6526.51953125,
            "max": 7571.1142578125,
            "count": 10
        },
        "Gabe.Environment.EpisodeLength.mean": {
            "value": 84.32764505119454,
            "min": 84.10562180579217,
            "max": 96.11456310679611,
            "count": 10
        },
        "Gabe.Environment.EpisodeLength.sum": {
            "value": 49416.0,
            "min": 49369.0,
            "max": 49509.0,
            "count": 10
        },
        "Gabe.Environment.CumulativeReward.mean": {
            "value": 9.812286689419794,
            "min": 9.359223300970873,
            "max": 9.914821124361158,
            "count": 10
        },
        "Gabe.Environment.CumulativeReward.sum": {
            "value": 5750.0,
            "min": 4820.0,
            "max": 5820.0,
            "count": 10
        },
        "Gabe.Policy.ExtrinsicReward.mean": {
            "value": 9.812286689419794,
            "min": 9.359223300970873,
            "max": 9.914821124361158,
            "count": 10
        },
        "Gabe.Policy.ExtrinsicReward.sum": {
            "value": 5750.0,
            "min": 4820.0,
            "max": 5820.0,
            "count": 10
        },
        "Gabe.Losses.PolicyLoss.mean": {
            "value": 0.024983689910247145,
            "min": 0.02203381438962727,
            "max": 0.02617840813860918,
            "count": 10
        },
        "Gabe.Losses.PolicyLoss.sum": {
            "value": 0.12491844955123572,
            "min": 0.09120619471941609,
            "max": 0.12491844955123572,
            "count": 10
        },
        "Gabe.Losses.ValueLoss.mean": {
            "value": 0.11676950618624686,
            "min": 0.10436894617974757,
            "max": 0.5440259856482347,
            "count": 10
        },
        "Gabe.Losses.ValueLoss.sum": {
            "value": 0.5838475309312343,
            "min": 0.5218447308987378,
            "max": 2.1761039425929387,
            "count": 10
        },
        "Gabe.Policy.LearningRate.mean": {
            "value": 1.652973449012e-05,
            "min": 1.652973449012e-05,
            "max": 0.00028460115513295,
            "count": 10
        },
        "Gabe.Policy.LearningRate.sum": {
            "value": 8.26486724506e-05,
            "min": 8.26486724506e-05,
            "max": 0.0012842214719261998,
            "count": 10
        },
        "Gabe.Policy.Epsilon.mean": {
            "value": 0.10550987999999999,
            "min": 0.10550987999999999,
            "max": 0.19486704999999999,
            "count": 10
        },
        "Gabe.Policy.Epsilon.sum": {
            "value": 0.5275494,
            "min": 0.5001137999999999,
            "max": 0.9280738000000001,
            "count": 10
        },
        "Gabe.Policy.Beta.mean": {
            "value": 0.0002849430120000001,
            "min": 0.0002849430120000001,
            "max": 0.004743865795000001,
            "count": 10
        },
        "Gabe.Policy.Beta.sum": {
            "value": 0.0014247150600000004,
            "min": 0.0014247150600000004,
            "max": 0.021410882620000002,
            "count": 10
        },
        "Gabe.IsTraining.mean": {
            "value": 1.0,
            "min": 1.0,
            "max": 1.0,
            "count": 10
        },
        "Gabe.IsTraining.sum": {
            "value": 1.0,
            "min": 1.0,
            "max": 1.0,
            "count": 10
        }
    },
    "metadata": {
        "timer_format_version": "0.1.0",
        "start_time_seconds": "1631935983",
        "python_version": "3.9.7 (tags/v3.9.7:1016ef3, Aug 30 2021, 20:19:38) [MSC v.1929 64 bit (AMD64)]",
        "command_line_arguments": "C:\\Users\\Acer\\Desktop\\work\\mlagent\\venv\\Scripts\\mlagents-learn --initialize-from Edward --run-id Solo",
        "mlagents_version": "0.27.0",
        "mlagents_envs_version": "0.27.0",
        "communication_protocol_version": "1.5.0",
        "pytorch_version": "1.9.0+cpu",
        "numpy_version": "1.21.2",
        "end_time_seconds": "1631938152"
    },
    "total": 2169.0104214999997,
    "count": 1,
    "self": 0.006626999999753025,
    "children": {
        "run_training.setup": {
            "total": 0.032493500000000064,
            "count": 1,
            "self": 0.032493500000000064
        },
        "TrainerController.start_learning": {
            "total": 2168.971301,
            "count": 1,
            "self": 9.456235500118964,
            "children": {
                "TrainerController._reset_env": {
                    "total": 3.4112457000000003,
                    "count": 1,
                    "self": 3.4112457000000003
                },
                "TrainerController.advance": {
                    "total": 2156.055301199881,
                    "count": 500040,
                    "self": 9.271652599780737,
                    "children": {
                        "env_step": {
                            "total": 2020.6653261000422,
                            "count": 500040,
                            "self": 1701.5503594000174,
                            "children": {
                                "SubprocessEnvManager._take_step": {
                                    "total": 313.12521239994084,
                                    "count": 500040,
                                    "self": 26.804699599869195,
                                    "children": {
                                        "TorchPolicy.evaluate": {
                                            "total": 286.32051280007164,
                                            "count": 500040,
                                            "self": 64.84222410006237,
                                            "children": {
                                                "TorchPolicy.sample_actions": {
                                                    "total": 221.47828870000927,
                                                    "count": 500040,
                                                    "self": 221.47828870000927
                                                }
                                            }
                                        }
                                    }
                                },
                                "workers": {
                                    "total": 5.98975430008403,
                                    "count": 500040,
                                    "self": 0.0,
                                    "children": {
                                        "worker_root": {
                                            "total": 2154.5085354999223,
                                            "count": 500040,
                                            "is_parallel": true,
                                            "self": 835.5473035999021,