{
    "name": "root",
    "gauges": {
        "Gabe.Policy.Entropy.mean": {
            "value": 1.0955097675323486,
            "min": 1.0955097675323486,
            "max": 1.120057225227356,
            "count": 10
        },
        "Gabe.Policy.Entropy.sum": {
            "value": 54775.48828125,
            "min": 54733.3515625,
            "max": 56719.69921875,
            "count": 10
        },
        "Gabe.Step.mean": {
            "value": 499960.0,
            "min": 49973.0,
            "max": 499960.0,
            "count": 10
        },
        "Gabe.Step.sum": {
            "value": 499960.0,
            "min": 49973.0,
            "max": 499960.0,
            "count": 10
        },
        "Gabe.Policy.ExtrinsicValueEstimate.mean": {
            "value": 0.05676500126719475,
            "min": -0.0980597734451294,
            "max": 0.08848981559276581,
            "count": 10
        },
        "Gabe.Policy.ExtrinsicValueEstimate.sum": {
            "value": 44.503761291503906,
            "min": -76.87886047363281,
            "max": 69.46450805664062,
            "count": 10
        },
        "Gabe.Environment.EpisodeLength.mean": {
            "value": 3124.0,
            "min": 2490.3125,
            "max": 3124.0,
            "count": 10
        },
        "Gabe.Environment.EpisodeLength.sum": {
            "value": 49984.0,
            "min": 39845.0,
            "max": 49984.0,
            "count": 10
        },
        "Gabe.Environment.CumulativeReward.mean": {
            "value": 0.0,
            "min": -3.125,
            "max": 0.625,
            "count": 10
        },
        "Gabe.Environment.CumulativeReward.sum": {
            "value": 0.0,
            "min": -50.0,
            "max": 10.0,
            "count": 10
        },
        "Gabe.Policy.ExtrinsicReward.mean": {
            "value": 0.0,
            "min": -3.125,
            "max": 0.625,
            "count": 10
        },
        "Gabe.Policy.ExtrinsicReward.sum": {
            "value": 0.0,
            "min": -50.0,
            "max": 10.0,
            "count": 10
        },
        "Gabe.Losses.PolicyLoss.mean": {
            "value": 0.024956149326559776,
            "min": 0.020487684362063496,
            "max": 0.024956149326559776,
            "count": 10
        },
        "Gabe.Losses.PolicyLoss.sum": {
            "value": 0.12478074663279888,
            "min": 0.08804001432611888,
            "max": 0.12478074663279888,
            "count": 10
        },
        "Gabe.Losses.ValueLoss.mean": {
            "value": 0.0009136263397522271,
            "min": 0.00084650680461588,
            "max": 0.06397080607440632,
            "count": 10
        },
        "Gabe.Losses.ValueLoss.sum": {
            "value": 0.004568131698761135,
            "min": 0.0042325340230794,
            "max": 0.3198540303720316,
            "count": 10
        },
        "Gabe.Policy.LearningRate.mean": {
            "value": 1.2830015723360003e-05,
            "min": 1.2830015723360003e-05,
            "max": 0.0002844765051745,
            "count": 10
        },
        "Gabe.Policy.LearningRate.sum": {
            "value": 6.415007861680001e-05,
            "min": 6.415007861680001e-05,
            "max": 0.0012805674731441996,
            "count": 10
        },
        "Gabe.Policy.Epsilon.mean": {
            "value": 0.10427664,
            "min": 0.10427664,
            "max": 0.19482549999999998,
            "count": 10
        },
        "Gabe.Policy.Epsilon.sum": {
            "value": 0.5213832,
            "min": 0.5213832,
            "max": 0.9268558000000002,
            "count": 10
        },
        "Gabe.Policy.Beta.mean": {
            "value": 0.00022340433599999998,
            "min": 0.00022340433599999998,
            "max": 0.004741792450000001,
            "count": 10
        },
        "Gabe.Policy.Beta.sum": {
            "value": 0.0011170216799999998,
            "min": 0.0011170216799999998,
            "max": 0.021350104420000002,
            "count": 10
        },
        "Gabe.IsTraining.mean": {
            "value": 1.0,
            "min": 1.0,
            "max": 1.0,
            "count": 10
        },
        "Gabe.IsTraining.sum": {
            "value": 1.0,
            "min": 1.0,
            "max": 1.0,
            "count": 10
        }
    },
    "metadata": {
        "timer_format_version": "0.1.0",
        "start_time_seconds": "1632040367",
        "python_version": "3.9.7 (tags/v3.9.7:1016ef3, Aug 30 2021, 20:19:38) [MSC v.1929 64 bit (AMD64)]",
        "command_line_arguments": "C:\\Users\\Acer\\Desktop\\work\\mlagent\\venv\\Scripts\\mlagents-learn --initialize-from Y_14 --run-id Y_15",
        "mlagents_version": "0.27.0",
        "mlagents_envs_version": "0.27.0",
        "communication_protocol_version": "1.5.0",
        "pytorch_version": "1.9.0+cpu",
        "numpy_version": "1.21.2",
        "end_time_seconds": "1632040609"
    },
    "total": 241.6149041,
    "count": 1,
    "self": 0.007616100000007009,
    "children": {
        "run_training.setup": {
            "total": 0.03397889999999992,
            "count": 1,
            "self": 0.03397889999999992
        },
        "TrainerController.start_learning": {
            "total": 241.5733091,
            "count": 1,
            "self": 0.5841211999988047,
            "children": {
                "TrainerController._reset_env": {
                    "total": 3.656727,
                    "count": 1,
                    "self": 3.656727
                },
                "TrainerController.advance": {
                    "total": 237.2926783000012,
                    "count": 31286,
                    "self": 0.589246600000763,
                    "children": {
                        "env_step": {
                            "total": 134.74516820000252,
                            "count": 31286,
                            "self": 113.72381170000413,
                            "children": {
                                "SubprocessEnvManager._take_step": {
                                    "total": 20.66264089999961,
                                    "count": 31286,
                                    "self": 1.9655197999986989,
                                    "children": {
                                        "TorchPolicy.evaluate": {
                                            "total": 18.69712110000091,
                                            "count": 31286,
                                            "self": 3.893607699999336,
                                            "children": {
                                                "TorchPolicy.sample_actions": {
                                                    "total": 14.803513400001574,
                                                    "count": 31286,
                                                    "self": 14.803513400001574
                                                }
                                            }
                                        }
                                    }
                                },
                                "workers": {
                                    "total": 0.358715599998785,
                                    "count": 31286,
                                    "self": 0.0,
                                    "children": {
                                        "worker_root": {
                                            "total": 237.13096669999914,
                                            "count": 31286,
                                            "is_parallel": true,
                                            "self": 159.29744399999916,
                                            "children": {
                                                "steps_from_proto": {
                                                    "total": 0.00045040000000007296,