{
    "name": "root",
    "gauges": {
        "Gabe.Policy.Entropy.mean": {
            "value": 1.631981372833252,
            "min": 1.631981372833252,
            "max": 1.6412670612335205,
            "count": 10
        },
        "Gabe.Policy.Entropy.sum": {
            "value": 81685.5625,
            "min": 81592.578125,
            "max": 82080.1015625,
            "count": 10
        },
        "Gabe.Step.mean": {
            "value": 499991.0,
            "min": 49942.0,
            "max": 499991.0,
            "count": 10
        },
        "Gabe.Step.sum": {
            "value": 499991.0,
            "min": 49942.0,
            "max": 499991.0,
            "count": 10
        },
        "Gabe.Policy.ExtrinsicValueEstimate.mean": {
            "value": 0.24730288982391357,
            "min": -4.333206653594971,
            "max": 0.29230138659477234,
            "count": 10
        },
        "Gabe.Policy.ExtrinsicValueEstimate.sum": {
            "value": 195.36927795410156,
            "min": -3427.566650390625,
            "max": 230.9180908203125,
            "count": 10
        },
        "Gabe.Environment.EpisodeLength.mean": {
            "value": 3348.6666666666665,
            "min": 2364.9,
            "max": 5909.125,
            "count": 10
        },
        "Gabe.Environment.EpisodeLength.sum": {
            "value": 50230.0,
            "min": 47273.0,
            "max": 54985.0,
            "count": 10
        },
        "Gabe.Environment.CumulativeReward.mean": {
            "value": 10.0,
            "min": 8.5,
            "max": 10.0,
            "count": 10
        },
        "Gabe.Environment.CumulativeReward.sum": {
            "value": 150.0,
            "min": 80.0,
            "max": 170.0,
            "count": 10
        },
        "Gabe.Policy.ExtrinsicReward.mean": {
            "value": 10.0,
            "min": 8.5,
            "max": 10.0,
            "count": 10
        },
        "Gabe.Policy.ExtrinsicReward.sum": {
            "value": 150.0,
            "min": 80.0,
            "max": 170.0,
            "count": 10
        },
        "Gabe.Losses.PolicyLoss.mean": {
            "value": 0.02279092422929049,
            "min": 0.022285861472676822,
            "max": 0.024812924638778593,
            "count": 10
        },
        "Gabe.Losses.PolicyLoss.sum": {
            "value": 0.11395462114645245,
            "min": 0.08982156659767497,
            "max": 0.12406462319389296,
            "count": 10
        },
        "Gabe.Losses.ValueLoss.mean": {
            "value": 0.25338322401046753,
            "min": 0.15453961983323097,
            "max": 3.369108499089877,
            "count": 10
        },
        "Gabe.Losses.ValueLoss.sum": {
            "value": 1.2669161200523378,
            "min": 0.7726980991661548,
            "max": 13.476433996359509,
            "count": 10
        },
        "Gabe.Policy.LearningRate.mean": {
            "value": 1.640289453240001e-05,
            "min": 1.640289453240001e-05,
            "max": 0.00028458795513734995,
            "count": 10
        },
        "Gabe.Policy.LearningRate.sum": {
            "value": 8.201447266200005e-05,
            "min": 8.201447266200005e-05,
            "max": 0.001284261071913,
            "count": 10
        },
        "Gabe.Policy.Epsilon.mean": {
            "value": 0.1054676,
            "min": 0.1054676,
            "max": 0.19486265000000005,
            "count": 10
        },
        "Gabe.Policy.Epsilon.sum": {
            "value": 0.527338,
            "min": 0.49999520000000003,
            "max": 0.928087,
            "count": 10
        },
        "Gabe.Policy.Beta.mean": {
            "value": 0.0002828332400000001,
            "min": 0.0002828332400000001,
            "max": 0.004743646235,
            "count": 10
        },
        "Gabe.Policy.Beta.sum": {
            "value": 0.0014141662000000004,
            "min": 0.0014141662000000004,
            "max": 0.021411541299999996,
            "count": 10
        },
        "Gabe.IsTraining.mean": {
            "value": 1.0,
            "min": 1.0,
            "max": 1.0,
            "count": 10
        },
        "Gabe.IsTraining.sum": {
            "value": 1.0,
            "min": 1.0,
            "max": 1.0,
            "count": 10
        }
    },
    "metadata": {
        "timer_format_version": "0.1.0",
        "start_time_seconds": "1631778738",
        "python_version": "3.9.7 (tags/v3.9.7:1016ef3, Aug 30 2021, 20:19:38) [MSC v.1929 64 bit (AMD64)]",
        "command_line_arguments": "C:\\Users\\Acer\\Desktop\\work\\3Dgameproject\\3Dgameproject\\venv\\Scripts\\mlagents-learn --initialize-from Gary --run-id Steve",
        "mlagents_version": "0.27.0",
        "mlagents_envs_version": "0.27.0",
        "communication_protocol_version": "1.5.0",
        "pytorch_version": "1.7.1+cu110",
        "numpy_version": "1.21.2",
        "end_time_seconds": "1631780517"
    },
    "total": 1778.6930183999998,
    "count": 1,
    "self": 0.012350699999842618,
    "children": {
        "run_training.setup": {
            "total": 0.12568810000000008,
            "count": 1,
            "self": 0.12568810000000008
        },
        "TrainerController.start_learning": {
            "total": 1778.5549796,
            "count": 1,
            "self": 7.110780299941325,
            "children": {
                "TrainerController._reset_env": {
                    "total": 5.5755564,
                    "count": 1,
                    "self": 5.5755564
                },
                "TrainerController.advance": {
                    "total": 1765.8267127000588,
                    "count": 500055,
                    "self": 7.085563300138801,
                    "children": {
                        "env_step": {
                            "total": 1653.0567633999633,
                            "count": 500055,
                            "self": 1060.431981699884,
                            "children": {
                                "SubprocessEnvManager._take_step": {
                                    "total": 588.1182412000329,
                                    "count": 500055,
                                    "self": 21.19933580007762,
                                    "children": {
                                        "TorchPolicy.evaluate": {
                                            "total": 566.9189053999553,
                                            "count": 500055,
                                            "self": 208.47511129989005,
                                            "children": {
                                                "TorchPolicy.sample_actions": {
                                                    "total": 358.44379410006525,
                                                    "count": 500055,
                                                    "self": 358.44379410006525
                                                }
                                            }
                                        }
                                    }
                                },
                                "workers": {
                                    "total": 4.50654050004625,
                                    "count": 500055,
                                    "self": 0.0,
                                    "children": {
                                        "worker_root": {
                                            "total": 1766.225212499922,
                                            "count": 500055,
                                            "is_parallel": true,
                                            "self": 999.547345799918,
                                            "children": {
                                                "steps_from_proto": {
                                                    "total": 0.0003297999999998247,