{
    "name": "root",
    "gauges": {
        "Gabe.Policy.Entropy.mean": {
            "value": 1.1244354248046875,
            "min": 1.1244354248046875,
            "max": 1.13250732421875,
            "count": 10
        },
        "Gabe.Policy.Entropy.sum": {
            "value": 56221.7734375,
            "min": 56221.7734375,
            "max": 56802.8203125,
            "count": 10
        },
        "Gabe.Step.mean": {
            "value": 499976.0,
            "min": 49947.0,
            "max": 499976.0,
            "count": 10
        },
        "Gabe.Step.sum": {
            "value": 499976.0,
            "min": 49947.0,
            "max": 499976.0,
            "count": 10
        },
        "Gabe.Policy.ExtrinsicValueEstimate.mean": {
            "value": 0.11151381582021713,
            "min": -0.09950385987758636,
            "max": 0.24541912972927094,
            "count": 10
        },
        "Gabe.Policy.ExtrinsicValueEstimate.sum": {
            "value": 87.42683410644531,
            "min": -78.01102447509766,
            "max": 192.40859985351562,
            "count": 10
        },
        "Gabe.Losses.PolicyLoss.mean": {
            "value": 0.020510666298408375,
            "min": 0.020510666298408375,
            "max": 0.026174747003418757,
            "count": 10
        },
        "Gabe.Losses.PolicyLoss.sum": {
            "value": 0.0820426651936335,
            "min": 0.0820426651936335,
            "max": 0.1308737350170938,
            "count": 10
        },
        "Gabe.Losses.ValueLoss.mean": {
            "value": 0.0012114945561431036,
            "min": 0.0010402202396741786,
            "max": 0.04611054853748734,
            "count": 10
        },
        "Gabe.Losses.ValueLoss.sum": {
            "value": 0.004845978224572414,
            "min": 0.0041608809586967145,
            "max": 0.18444219414994936,
            "count": 10
        },
        "Gabe.Policy.LearningRate.mean": {
            "value": 1.5563494812200003e-05,
            "min": 1.5563494812200003e-05,
            "max": 0.00028310400563199997,
            "count": 10
        },
        "Gabe.Policy.LearningRate.sum": {
            "value": 6.225397924880001e-05,
            "min": 6.225397924880001e-05,
            "max": 0.0011324160225279999,
            "count": 10
        },
        "Gabe.Policy.Epsilon.mean": {
            "value": 0.10518780000000001,
            "min": 0.10518780000000001,
            "max": 0.19436799999999999,
            "count": 10
        },
        "Gabe.Policy.Epsilon.sum": {
            "value": 0.42075120000000005,
            "min": 0.42075120000000005,
            "max": 0.8764480000000001,
            "count": 10
        },
        "Gabe.Policy.Beta.mean": {
            "value": 0.00026887122000000005,
            "min": 0.00026887122000000005,
            "max": 0.0047189632,
            "count": 10
        },
        "Gabe.Policy.Beta.sum": {
            "value": 0.0010754848800000002,
            "min": 0.0010754848800000002,
            "max": 0.0188758528,
            "count": 10
        },
        "Gabe.Environment.EpisodeLength.mean": {
            "value": 3124.0,
            "min": 2941.8823529411766,
            "max": 3124.0,
            "count": 10
        },
        "Gabe.Environment.EpisodeLength.sum": {
            "value": 49984.0,
            "min": 49984.0,
            "max": 50012.0,
            "count": 10
        },
        "Gabe.Environment.CumulativeReward.mean": {
            "value": 0.0,
            "min": 0.0,
            "max": 0.5882352941176471,
            "count": 10
        },
        "Gabe.Environment.CumulativeReward.sum": {
            "value": 0.0,
            "min": 0.0,
            "max": 10.0,
            "count": 10
        },
        "Gabe.Policy.ExtrinsicReward.mean": {
            "value": 0.0,
            "min": 0.0,
            "max": 0.5882352941176471,
            "count": 10
        },
        "Gabe.Policy.ExtrinsicReward.sum": {
            "value": 0.0,
            "min": 0.0,
            "max": 10.0,
            "count": 10
        },
        "Gabe.IsTraining.mean": {
            "value": 1.0,
            "min": 1.0,
            "max": 1.0,
            "count": 10
        },
        "Gabe.IsTraining.sum": {
            "value": 1.0,
            "min": 1.0,
            "max": 1.0,
            "count": 10
        }
    },
    "metadata": {
        "timer_format_version": "0.1.0",
        "start_time_seconds": "1632037273",
        "python_version": "3.9.7 (tags/v3.9.7:1016ef3, Aug 30 2021, 20:19:38) [MSC v.1929 64 bit (AMD64)]",
        "command_line_arguments": "C:\\Users\\Acer\\Desktop\\work\\mlagent\\venv\\Scripts\\mlagents-learn --initialize-from Y_5 --run-id Y_6",
        "mlagents_version": "0.27.0",
        "mlagents_envs_version": "0.27.0",
        "communication_protocol_version": "1.5.0",
        "pytorch_version": "1.9.0+cpu",
        "numpy_version": "1.21.2",
        "end_time_seconds": "1632037518"
    },
    "total": 244.3205605,
    "count": 1,
    "self": 0.005633699999975761,
    "children": {
        "run_training.setup": {
            "total": 0.03387639999999992,
            "count": 1,
            "self": 0.03387639999999992
        },
        "TrainerController.start_learning": {
            "total": 244.28105040000003,
            "count": 1,
            "self": 0.5719454999982645,
            "children": {
                "TrainerController._reset_env": {
                    "total": 6.6649608,
                    "count": 1,
                    "self": 6.6649608
                },
                "TrainerController.advance": {
                    "total": 237.0035315000018,
                    "count": 31279,
                    "self": 0.5651394000002199,
                    "children": {
                        "env_step": {
                            "total": 136.37888070000028,
                            "count": 31279,
                            "self": 114.20453320000135,
                            "children": {
                                "SubprocessEnvManager._take_step": {
                                    "total": 21.81306929999999,
                                    "count": 31279,
                                    "self": 1.9983925000005023,
                                    "children": {
                                        "TorchPolicy.evaluate": {
                                            "total": 19.81467679999949,
                                            "count": 31279,
                                            "self": 4.092739499997345,
                                            "children": {
                                                "TorchPolicy.sample_actions": {
                                                    "total": 15.721937300002145,
                                                    "count": 31279,
                                                    "self": 15.721937300002145
                                                }
                                            }
                                        }
                                    }
                                },
                                "workers": {
                                    "total": 0.36127819999893784,
                                    "count": 31279,
                                    "self": 0.0,
                                    "children": {
                                        "worker_root": {
                                            "total": 236.81993350000025,
                                            "count": 31279,
                                            "is_parallel": true,
                                            "self": 159.04280170000058,