{
    "name": "root",
    "metadata": {
        "timer_format_version": "0.1.0",
        "start_time_seconds": "1631874527",
        "python_version": "3.9.7 (tags/v3.9.7:1016ef3, Aug 30 2021, 20:19:38) [MSC v.1929 64 bit (AMD64)]",
        "command_line_arguments": "C:\\Users\\Acer\\Desktop\\work\\3Dgameproject\\3Dgameproject\\venv\\Scripts\\mlagents-learn --initialize-from Avan --run-id Diane",
        "mlagents_version": "0.27.0",
        "mlagents_envs_version": "0.27.0",
        "communication_protocol_version": "1.5.0",
        "pytorch_version": "1.7.1+cu110",
        "numpy_version": "1.21.2",
        "end_time_seconds": "1631874538"
    },
    "total": 11.8425234,
    "count": 1,
    "self": 0.005239599999999456,
    "children": {
        "run_training.setup": {
            "total": 0.12200359999999999,
            "count": 1,
            "self": 0.12200359999999999
        },
        "TrainerController.start_learning": {
            "total": 11.7152802,
            "count": 1,
            "self": 0.021548500000012183,
            "children": {
                "TrainerController._reset_env": {
                    "total": 4.8840246,
                    "count": 1,
                    "self": 4.8840246
                },
                "TrainerController.advance": {
                    "total": 6.7344078999999875,
                    "count": 1534,
                    "self": 0.020839199999983293,
                    "children": {
                        "env_step": {
                            "total": 6.615465499999997,
                            "count": 1534,
                            "self": 4.332790499999945,
                            "children": {
                                "SubprocessEnvManager._take_step": {
                                    "total": 2.270018200000009,
                                    "count": 1534,
                                    "self": 0.06415950000002191,
                                    "children": {
                                        "TorchPolicy.evaluate": {
                                            "total": 2.205858699999987,
                                            "count": 1534,
                                            "self": 0.63605989999997,
                                            "children": {
                                                "TorchPolicy.sample_actions": {
                                                    "total": 1.569798800000017,
                                                    "count": 1534,
                                                    "self": 1.569798800000017
                                                }
                                            }
                                        }
                                    }
                                },
                                "workers": {
                                    "total": 0.012656800000043766,
                                    "count": 1533,
                                    "self": 0.0,
                                    "children": {
                                        "worker_root": {
                                            "total": 7.893633399999983,
                                            "count": 1533,
                                            "is_parallel": true,
                                            "self": 4.4877727999999975,
                                            "children": {
                                                "steps_from_proto": {
                                                    "total": 0.0002862999999999616,
                                                    "count": 1,
                                                    "is_parallel": true,
                                                    "self": 0.00011450000000001737,
                                                    "children": {
                                                        "_process_rank_one_or_two_observation": {
                                                            "total": 0.00017179999999994422,
                                                            "count": 2,
                                                            "is_parallel": true,
                                                            "self": 0.00017179999999994422
                                                        }
                                                    }
                                                },
                                                "UnityEnvironment.step": {
                                                    "total": 3.4055742999999854,
                                                    "count": 1533,
                                                    "is_parallel": true,
                                                    "self": 0.07688550000000749,
                                                    "children": {
                                                        "UnityEnvironment._generate_step_input": {
                                                            "total": 0.06308910000000001,
                                                            "count": 1533,
                                                            "is_parallel": true,
                                                            "self": 0.06308910000000001
                                                        },
                                                        "communicator.exchange": {
                                                            "total": 3.0558555999999895,
                                                            "count": 1533,
                                                            "is_parallel": true,
                                                            "self": 3.0558555999999895
                                                        },
                                                        "steps_from_proto": {
                                                            "total": 0.20974409999998844,
                                                            "count": 1533,
                                                            "is_parallel": true,
                                                            "self": 0.12048609999994664,
                                                            "children": {
                                                                "_process_rank_one_or_two_observation": {
                                                                    "total": 0.0892580000000418,
                                                                    "count": 3066,
                                                                    "is_parallel": true,
                                                                    "self": 0.0892580000000418
                                                                }
                                                            }
                                                        }
                                                    }
                                                }
                                            }
                                        }
                                    }
                                }
                            }
                        },
                        "trainer_advance": {
                            "total": 0.09810320000000683,
                            "count": 1533,
                            "self": 0.023505799999995247,
                            "children": {
                                "process_trajectory": {
                                    "total": 0.07459740000001158,
                                    "count": 1533,