{
    "name": "root",
    "gauges": {
        "Gabe.Policy.Entropy.mean": {
            "value": 1.3882191181182861,
            "min": 1.384997010231018,
            "max": 1.3932840824127197,
            "count": 10
        },
        "Gabe.Policy.Entropy.sum": {
            "value": 69344.3203125,
            "min": 69287.78125,
            "max": 69825.1015625,
            "count": 10
        },
        "Gabe.Environment.EpisodeLength.mean": {
            "value": 99.89878542510121,
            "min": 90.79852125693161,
            "max": 115.02771362586606,
            "count": 10
        },
        "Gabe.Environment.EpisodeLength.sum": {
            "value": 49350.0,
            "min": 48503.0,
            "max": 50390.0,
            "count": 10
        },
        "Gabe.Step.mean": {
            "value": 499991.0,
            "min": 49991.0,
            "max": 499991.0,
            "count": 10
        },
        "Gabe.Step.sum": {
            "value": 499991.0,
            "min": 49991.0,
            "max": 499991.0,
            "count": 10
        },
        "Gabe.Policy.ExtrinsicValueEstimate.mean": {
            "value": 6.109148979187012,
            "min": 5.254179000854492,
            "max": 6.502714157104492,
            "count": 10
        },
        "Gabe.Policy.ExtrinsicValueEstimate.sum": {
            "value": 6231.33203125,
            "min": 5222.65380859375,
            "max": 6769.32568359375,
            "count": 10
        },
        "Gabe.Environment.CumulativeReward.mean": {
            "value": 9.493927125506072,
            "min": 8.660508083140877,
            "max": 9.796672828096119,
            "count": 10
        },
        "Gabe.Environment.CumulativeReward.sum": {
            "value": 4690.0,
            "min": 3750.0,
            "max": 5300.0,
            "count": 10
        },
        "Gabe.Policy.ExtrinsicReward.mean": {
            "value": 9.493927125506072,
            "min": 8.660508083140877,
            "max": 9.796672828096119,
            "count": 10
        },
        "Gabe.Policy.ExtrinsicReward.sum": {
            "value": 4690.0,
            "min": 3750.0,
            "max": 5300.0,
            "count": 10
        },
        "Gabe.Losses.PolicyLoss.mean": {
            "value": 0.022727621778030883,
            "min": 0.02220430117255697,
            "max": 0.027056228988052072,
            "count": 10
        },
        "Gabe.Losses.PolicyLoss.sum": {
            "value": 0.11363810889015441,
            "min": 0.09459490542891823,
            "max": 0.12145045058762965,
            "count": 10
        },
        "Gabe.Losses.ValueLoss.mean": {
            "value": 0.4669451997677485,
            "min": 0.3431074303388596,
            "max": 0.9026341925064723,
            "count": 10
        },
        "Gabe.Losses.ValueLoss.sum": {
            "value": 2.3347259988387425,
            "min": 1.4278991915285588,
            "max": 4.513170962532361,
            "count": 10
        },
        "Gabe.Policy.LearningRate.mean": {
            "value": 1.6559254480280004e-05,
            "min": 1.6559254480280004e-05,
            "max": 0.00028460700513099994,
            "count": 10
        },
        "Gabe.Policy.LearningRate.sum": {
            "value": 8.279627240140002e-05,
            "min": 8.279627240140002e-05,
            "max": 0.0012845928718023996,
            "count": 10
        },
        "Gabe.Policy.Epsilon.mean": {
            "value": 0.10551972000000001,
            "min": 0.10551972000000001,
            "max": 0.19486900000000001,
            "count": 10
        },
        "Gabe.Policy.Epsilon.sum": {
            "value": 0.5275986,
            "min": 0.5001734000000001,
            "max": 0.9281976000000002,
            "count": 10
        },
        "Gabe.Policy.Beta.mean": {
            "value": 0.000285434028,
            "min": 0.000285434028,
            "max": 0.004743963099999999,
            "count": 10
        },
        "Gabe.Policy.Beta.sum": {
            "value": 0.00142717014,
            "min": 0.00142717014,
            "max": 0.02141706024,
            "count": 10
        },
        "Gabe.IsTraining.mean": {
            "value": 1.0,
            "min": 1.0,
            "max": 1.0,
            "count": 10
        },
        "Gabe.IsTraining.sum": {
            "value": 1.0,
            "min": 1.0,
            "max": 1.0,
            "count": 10
        }
    },
    "metadata": {
        "timer_format_version": "0.1.0",
        "start_time_seconds": "1631933116",
        "python_version": "3.9.7 (tags/v3.9.7:1016ef3, Aug 30 2021, 20:19:38) [MSC v.1929 64 bit (AMD64)]",
        "command_line_arguments": "C:\\Users\\Acer\\Desktop\\work\\mlagent\\venv\\Scripts\\mlagents-learn --initialize-from Kevin --run-id Walter",
        "mlagents_version": "0.27.0",
        "mlagents_envs_version": "0.27.0",
        "communication_protocol_version": "1.5.0",
        "pytorch_version": "1.9.0+cpu",
        "numpy_version": "1.21.2",
        "end_time_seconds": "1631933336"
    },
    "total": 219.930561,
    "count": 1,
    "self": 0.00793280000002028,
    "children": {
        "run_training.setup": {
            "total": 0.032919299999999985,
            "count": 1,
            "self": 0.032919299999999985
        },
        "TrainerController.start_learning": {
            "total": 219.8897089,
            "count": 1,
            "self": 0.5142670000022918,
            "children": {
                "TrainerController._reset_env": {
                    "total": 3.8978575999999996,
                    "count": 1,
                    "self": 3.8978575999999996
                },
                "TrainerController.advance": {
                    "total": 215.43969019999767,
                    "count": 31280,
                    "self": 0.46225389999924005,
                    "children": {
                        "env_step": {
                            "total": 120.13828729999842,
                            "count": 31280,
                            "self": 103.12336759999661,
                            "children": {
                                "SubprocessEnvManager._take_step": {
                                    "total": 16.70433920000391,
                                    "count": 31280,
                                    "self": 1.5119870000059983,
                                    "children": {
                                        "TorchPolicy.evaluate": {
                                            "total": 15.192352199997913,
                                            "count": 31280,
                                            "self": 3.084870899999057,
                                            "children": {
                                                "TorchPolicy.sample_actions": {
                                                    "total": 12.107481299998856,
                                                    "count": 31280,
                                                    "self": 12.107481299998856
                                                }
                                            }
                                        }
                                    }
                                },
                                "workers": {
                                    "total": 0.31058049999789716,
                                    "count": 31280,
                                    "self": 0.0,
                                    "children": {
                                        "worker_root": {
                                            "total": 215.3444949999999,
                                            "count": 31280,
                                            "is_parallel": true,
                                            "self": 143.9273995999995,