{
    "name": "root",
    "gauges": {
        "Gabe.Policy.Entropy.mean": {
            "value": 1.6556484699249268,
            "min": 1.6555671691894531,
            "max": 1.664383888244629,
            "count": 10
        },
        "Gabe.Policy.Entropy.sum": {
            "value": 82782.421875,
            "min": 82782.421875,
            "max": 83240.1328125,
            "count": 10
        },
        "Gabe.Step.mean": {
            "value": 499969.0,
            "min": 49976.0,
            "max": 499969.0,
            "count": 10
        },
        "Gabe.Step.sum": {
            "value": 499969.0,
            "min": 49976.0,
            "max": 499969.0,
            "count": 10
        },
        "Gabe.Policy.ExtrinsicValueEstimate.mean": {
            "value": 0.07688213139772415,
            "min": -0.9071481227874756,
            "max": 0.43080514669418335,
            "count": 10
        },
        "Gabe.Policy.ExtrinsicValueEstimate.sum": {
            "value": 64.11969757080078,
            "min": -746.5828857421875,
            "max": 357.99908447265625,
            "count": 10
        },
        "Gabe.Environment.EpisodeLength.mean": {
            "value": 412.75206611570246,
            "min": 356.9710144927536,
            "max": 530.3894736842105,
            "count": 10
        },
        "Gabe.Environment.EpisodeLength.sum": {
            "value": 49943.0,
            "min": 49022.0,
            "max": 50662.0,
            "count": 10
        },
        "Gabe.Environment.CumulativeReward.mean": {
            "value": 2.396694214876033,
            "min": -0.5263157894736842,
            "max": 2.6666666666666665,
            "count": 10
        },
        "Gabe.Environment.CumulativeReward.sum": {
            "value": 290.0,
            "min": -50.0,
            "max": 320.0,
            "count": 10
        },
        "Gabe.Policy.ExtrinsicReward.mean": {
            "value": 2.396694214876033,
            "min": -0.5263157894736842,
            "max": 2.6666666666666665,
            "count": 10
        },
        "Gabe.Policy.ExtrinsicReward.sum": {
            "value": 290.0,
            "min": -50.0,
            "max": 320.0,
            "count": 10
        },
        "Gabe.Losses.PolicyLoss.mean": {
            "value": 0.022076164433836615,
            "min": 0.022076164433836615,
            "max": 0.02566174307993303,
            "count": 10
        },
        "Gabe.Losses.PolicyLoss.sum": {
            "value": 0.11038082216918307,
            "min": 0.09255070238659754,
            "max": 0.12830871539966515,
            "count": 10
        },
        "Gabe.Losses.ValueLoss.mean": {
            "value": 0.2797512431939443,
            "min": 0.22598763587574164,
            "max": 0.4002581109603246,
            "count": 10
        },
        "Gabe.Losses.ValueLoss.sum": {
            "value": 1.3987562159697216,
            "min": 1.1299381793787082,
            "max": 1.7077372558414934,
            "count": 10
        },
        "Gabe.Policy.LearningRate.mean": {
            "value": 1.65528944824e-05,
            "min": 1.65528944824e-05,
            "max": 0.00028462005512665,
            "count": 10
        },
        "Gabe.Policy.LearningRate.sum": {
            "value": 8.2764472412e-05,
            "min": 8.2764472412e-05,
            "max": 0.0012845946718018,
            "count": 10
        },
        "Gabe.Policy.Epsilon.mean": {
            "value": 0.10551759999999999,
            "min": 0.10551759999999999,
            "max": 0.19487335,
            "count": 10
        },
        "Gabe.Policy.Epsilon.sum": {
            "value": 0.527588,
            "min": 0.5001450000000001,
            "max": 0.9281982000000001,
            "count": 10
        },
        "Gabe.Policy.Beta.mean": {
            "value": 0.00028532823999999997,
            "min": 0.00028532823999999997,
            "max": 0.0047441801649999995,
            "count": 10
        },
        "Gabe.Policy.Beta.sum": {
            "value": 0.0014266411999999998,
            "min": 0.0014266411999999998,
            "max": 0.021417090180000004,
            "count": 10
        },
        "Gabe.IsTraining.mean": {
            "value": 1.0,
            "min": 1.0,
            "max": 1.0,
            "count": 10
        },
        "Gabe.IsTraining.sum": {
            "value": 1.0,
            "min": 1.0,
            "max": 1.0,
            "count": 10
        }
    },
    "metadata": {
        "timer_format_version": "0.1.0",
        "start_time_seconds": "1631865937",
        "python_version": "3.9.7 (tags/v3.9.7:1016ef3, Aug 30 2021, 20:19:38) [MSC v.1929 64 bit (AMD64)]",
        "command_line_arguments": "C:\\Users\\Acer\\Desktop\\work\\3Dgameproject\\3Dgameproject\\venv\\Scripts\\mlagents-learn --initialize-from Henry --run-id Jeff",
        "mlagents_version": "0.27.0",
        "mlagents_envs_version": "0.27.0",
        "communication_protocol_version": "1.5.0",
        "pytorch_version": "1.7.1+cu110",
        "numpy_version": "1.21.2",
        "end_time_seconds": "1631867544"
    },
    "total": 1607.1816667,
    "count": 1,
    "self": 0.011204400000224268,
    "children": {
        "run_training.setup": {
            "total": 0.12601110000000004,
            "count": 1,
            "self": 0.12601110000000004
        },
        "TrainerController.start_learning": {
            "total": 1607.0444512,
            "count": 1,
            "self": 7.112669399967444,
            "children": {
                "TrainerController._reset_env": {
                    "total": 6.2911507,
                    "count": 1,
                    "self": 6.2911507
                },
                "TrainerController.advance": {
                    "total": 1593.6055740000324,
                    "count": 500033,
                    "self": 7.050914400095962,
                    "children": {
                        "env_step": {
                            "total": 1480.5468255999851,
                            "count": 500033,
                            "self": 893.3655124998808,
                            "children": {
                                "SubprocessEnvManager._take_step": {
                                    "total": 582.6186917000666,
                                    "count": 500033,
                                    "self": 20.740600100108963,
                                    "children": {
                                        "TorchPolicy.evaluate": {
                                            "total": 561.8780915999577,
                                            "count": 500033,
                                            "self": 206.06643239989444,
                                            "children": {
                                                "TorchPolicy.sample_actions": {
                                                    "total": 355.8116592000632,
                                                    "count": 500033,
                                                    "self": 355.8116592000632
                                                }
                                            }
                                        }
                                    }
                                },
                                "workers": {
                                    "total": 4.56262140003771,
                                    "count": 500033,
                                    "self": 0.0,
                                    "children": {
                                        "worker_root": {
                                            "total": 1594.7501387999928,
                                            "count": 500033,
                                            "is_parallel": true,
                                            "self": 986.4682869999095,