{"count":1,"self":18.683033599999998,"total":215.04635779999998,"children":{"InitializeActuators":{"count":16,"self":0.0020093999999999997,"total":0.0020093999999999997,"children":null},"InitializeSensors":{"count":16,"self":0.00099739999999999985,"total":0.00099739999999999985,"children":null},"AgentSendState":{"count":31284,"self":0.9509595999999999,"total":6.2142684999999993,"children":{"CollectObservations":{"count":500544,"self":0.5647831,"total":0.5647831,"children":null},"WriteActionMask":{"count":500544,"self":0.1676,"total":0.1676,"children":null},"RequestDecision":{"count":500544,"self":0.7370145,"total":4.5309257999999994,"children":{"AgentInfo.ToProto":{"count":500544,"self":0.6640974,"total":3.7939113,"children":{"GenerateSensorData":{"count":500544,"self":3.1298139999999997,"total":3.1298139,"children":null}}}}}}},"DecideAction":{"count":31284,"self":189.29402879999998,"total":189.2940334,"children":null},"AgentAct":{"count":31284,"self":0.8430422,"total":0.8460126,"children":{"AgentInfo.ToProto":{"count":138,"self":0,"total":0.0029703999999999998,"children":{"GenerateSensorData":{"count":138,"self":0.0029703999999999998,"total":0.0029703999999999998,"children":null}}}}},"AgentInfo.ToProto":{"count":219,"self":0.0009983,"total":0.0040076999999999995,"children":{"GenerateSensorData":{"count":219,"self":0.0030093999999999997,"total":0.0030093999999999997,"children":null}}}},"gauges":{"Gabe.CumulativeReward":{"count":357,"max":10,"min":-20,"runningAverage":-11.4285717,"value":-20,"weightedAverage":-9.850162}},"metadata":{"timer_format_version":"0.1.0","start_time_seconds":"1632035307","unity_version":"2020.3.12f1","command_line_arguments":"C:\\Users\\Acer\\Desktop\\gamemaking\\2020.3.12f1\\Editor\\Unity.exe -projectpath C:\/Users\/Acer\/Desktop\/work\/3Dgameproject\/3Dgameproject -useHub -hubIPC -cloudEnvironment production -hubSessionId c18deac0-18ea-11ec-b847-8b38e1ccbe8c -accessToken ac6xCTlUyGCWxbs6lflvbMMkoWuMzd8Sd2hr9NH8dnM011f","communication_protocol_version":"1.5.0","com.unity.ml-agents_version":"2.0.0","scene_name":"training field","end_time_seconds":"1632035522"}}