{
    "name": "root",
    "gauges": {
        "Gabe.Policy.Entropy.mean": {
            "value": 1.7275915145874023,
            "min": 1.7063332796096802,
            "max": 1.7342520952224731,
            "count": 10
        },
        "Gabe.Policy.Entropy.sum": {
            "value": 86517.78125,
            "min": 85600.0390625,
            "max": 86675.078125,
            "count": 10
        },
        "Gabe.Environment.EpisodeLength.mean": {
            "value": 10791.0,
            "min": 203.8,
            "max": 15009.5,
            "count": 8
        },
        "Gabe.Environment.EpisodeLength.sum": {
            "value": 10791.0,
            "min": 3057.0,
            "max": 30019.0,
            "count": 8
        },
        "Gabe.Step.mean": {
            "value": 499970.0,
            "min": 49984.0,
            "max": 499970.0,
            "count": 10
        },
        "Gabe.Step.sum": {
            "value": 499970.0,
            "min": 49984.0,
            "max": 499970.0,
            "count": 10
        },
        "Gabe.Policy.ExtrinsicValueEstimate.mean": {
            "value": 0.022381668910384178,
            "min": 0.013166956603527069,
            "max": 2.0234971046447754,
            "count": 10
        },
        "Gabe.Policy.ExtrinsicValueEstimate.sum": {
            "value": 17.480083465576172,
            "min": 10.30972671508789,
            "max": 1598.5626220703125,
            "count": 10
        },
        "Gabe.Environment.CumulativeReward.mean": {
            "value": 10.0,
            "min": -20.0,
            "max": 10.0,
            "count": 8
        },
        "Gabe.Environment.CumulativeReward.sum": {
            "value": 10.0,
            "min": -20.0,
            "max": 150.0,
            "count": 8
        },
        "Gabe.Policy.ExtrinsicReward.mean": {
            "value": 10.0,
            "min": -20.0,
            "max": 10.0,
            "count": 8
        },
        "Gabe.Policy.ExtrinsicReward.sum": {
            "value": 10.0,
            "min": -20.0,
            "max": 150.0,
            "count": 8
        },
        "Gabe.Losses.PolicyLoss.mean": {
            "value": 0.023903492062575728,
            "min": 0.02152936162019614,
            "max": 0.02633168072374247,
            "count": 10
        },
        "Gabe.Losses.PolicyLoss.sum": {
            "value": 0.11951746031287863,
            "min": 0.08611744648078457,
            "max": 0.13165840361871234,
            "count": 10
        },
        "Gabe.Losses.ValueLoss.mean": {
            "value": 0.0001691624494075465,
            "min": 0.0001691624494075465,
            "max": 0.1296759762056172,
            "count": 10
        },
        "Gabe.Losses.ValueLoss.sum": {
            "value": 0.0008458122470377324,
            "min": 0.0008458122470377324,
            "max": 0.648379881028086,
            "count": 10
        },
        "Gabe.Policy.LearningRate.mean": {
            "value": 1.5324334891919996e-05,
            "min": 1.5324334891919996e-05,
            "max": 0.0002845728051424,
            "count": 10
        },
        "Gabe.Policy.LearningRate.sum": {
            "value": 7.662167445959998e-05,
            "min": 7.662167445959998e-05,
            "max": 0.0012831240722919995,
            "count": 10
        },
        "Gabe.Policy.Epsilon.mean": {
            "value": 0.10510808,
            "min": 0.10510808,
            "max": 0.19485760000000002,
            "count": 10
        },
        "Gabe.Policy.Epsilon.sum": {
            "value": 0.5255404,
            "min": 0.5255404,
            "max": 0.9277080000000001,
            "count": 10
        },
        "Gabe.Policy.Beta.mean": {
            "value": 0.000264893192,
            "min": 0.000264893192,
            "max": 0.0047433942400000005,
            "count": 10
        },
        "Gabe.Policy.Beta.sum": {
            "value": 0.00132446596,
            "min": 0.00132446596,
            "max": 0.0213926292,
            "count": 10
        },
        "Gabe.IsTraining.mean": {
            "value": 1.0,
            "min": 1.0,
            "max": 1.0,
            "count": 10
        },
        "Gabe.IsTraining.sum": {
            "value": 1.0,
            "min": 1.0,
            "max": 1.0,
            "count": 10
        }
    },
    "metadata": {
        "timer_format_version": "0.1.0",
        "start_time_seconds": "1631872099",
        "python_version": "3.9.7 (tags/v3.9.7:1016ef3, Aug 30 2021, 20:19:38) [MSC v.1929 64 bit (AMD64)]",
        "command_line_arguments": "C:\\Users\\Acer\\Desktop\\work\\3Dgameproject\\3Dgameproject\\venv\\Scripts\\mlagents-learn --initialize-from Panther --run-id Vaga",
        "mlagents_version": "0.27.0",
        "mlagents_envs_version": "0.27.0",
        "communication_protocol_version": "1.5.0",
        "pytorch_version": "1.7.1+cu110",
        "numpy_version": "1.21.2",
        "end_time_seconds": "1631872332"
    },
    "total": 232.37602750000002,
    "count": 1,
    "self": 0.006557700000001887,
    "children": {
        "run_training.setup": {
            "total": 0.12855020000000006,
            "count": 1,
            "self": 0.12855020000000006
        },
        "TrainerController.start_learning": {
            "total": 232.2409196,
            "count": 1,
            "self": 0.474442599998099,
            "children": {
                "TrainerController._reset_env": {
                    "total": 6.0377242,
                    "count": 1,
                    "self": 6.0377242
                },
                "TrainerController.advance": {
                    "total": 225.69133680000192,
                    "count": 31290,
                    "self": 0.4370168000015724,
                    "children": {
                        "env_step": {
                            "total": 134.09157950000224,
                            "count": 31290,
                            "self": 95.93310060000107,
                            "children": {
                                "SubprocessEnvManager._take_step": {
                                    "total": 37.86966250000064,
                                    "count": 31290,
                                    "self": 1.6166356000017785,
                                    "children": {
                                        "TorchPolicy.evaluate": {
                                            "total": 36.253026899998865,
                                            "count": 31290,
                                            "self": 13.076885699996453,
                                            "children": {
                                                "TorchPolicy.sample_actions": {
                                                    "total": 23.176141200002412,
                                                    "count": 31290,
                                                    "self": 23.176141200002412
                                                }
                                            }
                                        }
                                    }
                                },
                                "workers": {
                                    "total": 0.28881640000053466,
                                    "count": 31290,
                                    "self": 0.0,
                                    "children": {
                                        "worker_root": {
                                            "total": 226.72014729999773,
                                            "count": 31290,
                                            "is_parallel": true,
                                            "self": 159.53501760000054,
                                            "children": {
                                                "steps_from_proto": {
                                                    "total": 0.00037549999999964,
                                                    "count": 1,