{
    "name": "root",
    "gauges": {
        "Gabe.Policy.Entropy.mean": {
            "value": 1.1375256776809692,
            "min": 1.1329197883605957,
            "max": 1.1416451930999756,
            "count": 10
        },
        "Gabe.Policy.Entropy.sum": {
            "value": 56876.28125,
            "min": 56382.34765625,
            "max": 57389.18359375,
            "count": 10
        },
        "Gabe.Step.mean": {
            "value": 499947.0,
            "min": 49977.0,
            "max": 499947.0,
            "count": 10
        },
        "Gabe.Step.sum": {
            "value": 499947.0,
            "min": 49977.0,
            "max": 499947.0,
            "count": 10
        },
        "Gabe.Policy.ExtrinsicValueEstimate.mean": {
            "value": -0.13648101687431335,
            "min": -0.13648101687431335,
            "max": 0.054971665143966675,
            "count": 10
        },
        "Gabe.Policy.ExtrinsicValueEstimate.sum": {
            "value": -107.00111389160156,
            "min": -107.00111389160156,
            "max": 43.15275573730469,
            "count": 10
        },
        "Gabe.Environment.EpisodeLength.mean": {
            "value": 2786.764705882353,
            "min": 2618.529411764706,
            "max": 3109.5,
            "count": 10
        },
        "Gabe.Environment.EpisodeLength.sum": {
            "value": 47375.0,
            "min": 44515.0,
            "max": 49752.0,
            "count": 10
        },
        "Gabe.Environment.CumulativeReward.mean": {
            "value": -2.3529411764705883,
            "min": -3.3333333333333335,
            "max": 1.1764705882352942,
            "count": 10
        },
        "Gabe.Environment.CumulativeReward.sum": {
            "value": -40.0,
            "min": -60.0,
            "max": 20.0,
            "count": 10
        },
        "Gabe.Policy.ExtrinsicReward.mean": {
            "value": -2.3529411764705883,
            "min": -3.3333333333333335,
            "max": 1.1764705882352942,
            "count": 10
        },
        "Gabe.Policy.ExtrinsicReward.sum": {
            "value": -40.0,
            "min": -60.0,
            "max": 20.0,
            "count": 10
        },
        "Gabe.Losses.PolicyLoss.mean": {
            "value": 0.026655671307041,
            "min": 0.02232979703966218,
            "max": 0.026655671307041,
            "count": 10
        },
        "Gabe.Losses.PolicyLoss.sum": {
            "value": 0.106622685228164,
            "min": 0.09628900779716787,
            "max": 0.12114847677585203,
            "count": 10
        },
        "Gabe.Losses.ValueLoss.mean": {
            "value": 0.004525422569228492,
            "min": 0.0012472429584401352,
            "max": 0.032734513966036806,
            "count": 10
        },
        "Gabe.Losses.ValueLoss.sum": {
            "value": 0.018101690276913968,
            "min": 0.004988971833760541,
            "max": 0.16367256983018402,
            "count": 10
        },
        "Gabe.Policy.LearningRate.mean": {
            "value": 1.5449644850149994e-05,
            "min": 1.5449644850149994e-05,
            "max": 0.0002840268053244,
            "count": 10
        },
        "Gabe.Policy.LearningRate.sum": {
            "value": 6.179857940059997e-05,
            "min": 6.179857940059997e-05,
            "max": 0.0012744078751973998,
            "count": 10
        },
        "Gabe.Policy.Epsilon.mean": {
            "value": 0.10514985,
            "min": 0.10514985,
            "max": 0.19467560000000003,
            "count": 10
        },
        "Gabe.Policy.Epsilon.sum": {
            "value": 0.4205994,
            "min": 0.4205994,
            "max": 0.9248026,
            "count": 10
        },
        "Gabe.Policy.Beta.mean": {
            "value": 0.00026697751499999995,
            "min": 0.00026697751499999995,
            "max": 0.00473431244,
            "count": 10
        },
        "Gabe.Policy.Beta.sum": {
            "value": 0.0010679100599999998,
            "min": 0.0010679100599999998,
            "max": 0.021247649739999996,
            "count": 10
        },
        "Gabe.IsTraining.mean": {
            "value": 1.0,
            "min": 1.0,
            "max": 1.0,
            "count": 10
        },
        "Gabe.IsTraining.sum": {
            "value": 1.0,
            "min": 1.0,
            "max": 1.0,
            "count": 10
        }
    },
    "metadata": {
        "timer_format_version": "0.1.0",
        "start_time_seconds": "1632039559",
        "python_version": "3.9.7 (tags/v3.9.7:1016ef3, Aug 30 2021, 20:19:38) [MSC v.1929 64 bit (AMD64)]",
        "command_line_arguments": "C:\\Users\\Acer\\Desktop\\work\\mlagent\\venv\\Scripts\\mlagents-learn --initialize-from Y_11 --run-id Y_12",
        "mlagents_version": "0.27.0",
        "mlagents_envs_version": "0.27.0",
        "communication_protocol_version": "1.5.0",
        "pytorch_version": "1.9.0+cpu",
        "numpy_version": "1.21.2",
        "end_time_seconds": "1632039791"
    },
    "total": 231.8432995,
    "count": 1,
    "self": 0.007179499999978134,
    "children": {
        "run_training.setup": {
            "total": 0.033500399999999986,
            "count": 1,
            "self": 0.033500399999999986
        },
        "TrainerController.start_learning": {
            "total": 231.8026196,
            "count": 1,
            "self": 0.5419117999988146,
            "children": {
                "TrainerController._reset_env": {
                    "total": 6.0846325000000006,
                    "count": 1,
                    "self": 6.0846325000000006
                },
                "TrainerController.advance": {
                    "total": 225.13469150000117,
                    "count": 31284,
                    "self": 0.5487362000045835,
                    "children": {
                        "env_step": {
                            "total": 128.35457480000022,
                            "count": 31284,
                            "self": 108.47597350000046,
                            "children": {
                                "SubprocessEnvManager._take_step": {
                                    "total": 19.525087800002325,
                                    "count": 31284,
                                    "self": 1.8851622000006145,
                                    "children": {
                                        "TorchPolicy.evaluate": {
                                            "total": 17.63992560000171,
                                            "count": 31284,
                                            "self": 3.614314400003792,
                                            "children": {
                                                "TorchPolicy.sample_actions": {
                                                    "total": 14.025611199997918,
                                                    "count": 31284,
                                                    "self": 14.025611199997918
                                                }
                                            }
                                        }
                                    }
                                },
                                "workers": {
                                    "total": 0.353513499997427,
                                    "count": 31284,
                                    "self": 0.0,
                                    "children": {
                                        "worker_root": {
                                            "total": 224.98521559999648,
                                            "count": 31284,
                                            "is_parallel": true,
                                            "self": 151.283068299997,