{
    "name": "root",
    "gauges": {
        "Gabe.Policy.Entropy.mean": {
            "value": 1.1321345567703247,
            "min": 1.1186126470565796,
            "max": 1.135772466659546,
            "count": 10
        },
        "Gabe.Policy.Entropy.sum": {
            "value": 56606.73046875,
            "min": 55930.6328125,
            "max": 57170.2421875,
            "count": 10
        },
        "Gabe.Step.mean": {
            "value": 499977.0,
            "min": 49947.0,
            "max": 499977.0,
            "count": 10
        },
        "Gabe.Step.sum": {
            "value": 499977.0,
            "min": 49947.0,
            "max": 499977.0,
            "count": 10
        },
        "Gabe.Policy.ExtrinsicValueEstimate.mean": {
            "value": 0.007400883827358484,
            "min": 0.00603665504604578,
            "max": 0.3359774351119995,
            "count": 10
        },
        "Gabe.Policy.ExtrinsicValueEstimate.sum": {
            "value": 5.802292823791504,
            "min": 4.7327375411987305,
            "max": 263.0703430175781,
            "count": 10
        },
        "Gabe.Losses.PolicyLoss.mean": {
            "value": 0.022662055343729053,
            "min": 0.022178447808837515,
            "max": 0.02657895953928043,
            "count": 10
        },
        "Gabe.Losses.PolicyLoss.sum": {
            "value": 0.09064822137491621,
            "min": 0.09064822137491621,
            "max": 0.13289479769640214,
            "count": 10
        },
        "Gabe.Losses.ValueLoss.mean": {
            "value": 0.0006164439973266174,
            "min": 0.0005967952932890815,
            "max": 0.5547442047426363,
            "count": 10
        },
        "Gabe.Losses.ValueLoss.sum": {
            "value": 0.0024657759893064696,
            "min": 0.0024657759893064696,
            "max": 2.218976818970545,
            "count": 10
        },
        "Gabe.Policy.LearningRate.mean": {
            "value": 1.51275949575e-05,
            "min": 1.51275949575e-05,
            "max": 0.00028310400563199997,
            "count": 10
        },
        "Gabe.Policy.LearningRate.sum": {
            "value": 6.051037983e-05,
            "min": 6.051037983e-05,
            "max": 0.0011324160225279999,
            "count": 10
        },
        "Gabe.Policy.Epsilon.mean": {
            "value": 0.10504250000000001,
            "min": 0.10504250000000001,
            "max": 0.19436799999999999,
            "count": 10
        },
        "Gabe.Policy.Epsilon.sum": {
            "value": 0.42017000000000004,
            "min": 0.42017000000000004,
            "max": 0.8764480000000001,
            "count": 10
        },
        "Gabe.Policy.Beta.mean": {
            "value": 0.0002616207500000001,
            "min": 0.0002616207500000001,
            "max": 0.0047189632,
            "count": 10
        },
        "Gabe.Policy.Beta.sum": {
            "value": 0.0010464830000000004,
            "min": 0.0010464830000000004,
            "max": 0.0188758528,
            "count": 10
        },
        "Gabe.Environment.EpisodeLength.mean": {
            "value": 3124.0,
            "min": 3041.25,
            "max": 3124.0,
            "count": 10
        },
        "Gabe.Environment.EpisodeLength.sum": {
            "value": 49984.0,
            "min": 48660.0,
            "max": 49984.0,
            "count": 10
        },
        "Gabe.Environment.CumulativeReward.mean": {
            "value": 0.0,
            "min": -1.25,
            "max": 0.5882352941176471,
            "count": 10
        },
        "Gabe.Environment.CumulativeReward.sum": {
            "value": 0.0,
            "min": -20.0,
            "max": 10.0,
            "count": 10
        },
        "Gabe.Policy.ExtrinsicReward.mean": {
            "value": 0.0,
            "min": -1.25,
            "max": 0.5882352941176471,
            "count": 10
        },
        "Gabe.Policy.ExtrinsicReward.sum": {
            "value": 0.0,
            "min": -20.0,
            "max": 10.0,
            "count": 10
        },
        "Gabe.IsTraining.mean": {
            "value": 1.0,
            "min": 1.0,
            "max": 1.0,
            "count": 10
        },
        "Gabe.IsTraining.sum": {
            "value": 1.0,
            "min": 1.0,
            "max": 1.0,
            "count": 10
        }
    },
    "metadata": {
        "timer_format_version": "0.1.0",
        "start_time_seconds": "1632039296",
        "python_version": "3.9.7 (tags/v3.9.7:1016ef3, Aug 30 2021, 20:19:38) [MSC v.1929 64 bit (AMD64)]",
        "command_line_arguments": "C:\\Users\\Acer\\Desktop\\work\\mlagent\\venv\\Scripts\\mlagents-learn --initialize-from Y_10 --run-id Y_11",
        "mlagents_version": "0.27.0",
        "mlagents_envs_version": "0.27.0",
        "communication_protocol_version": "1.5.0",
        "pytorch_version": "1.9.0+cpu",
        "numpy_version": "1.21.2",
        "end_time_seconds": "1632039546"
    },
    "total": 249.9028347,
    "count": 1,
    "self": 0.006537699999967117,
    "children": {
        "run_training.setup": {
            "total": 0.03421660000000004,
            "count": 1,
            "self": 0.03421660000000004
        },
        "TrainerController.start_learning": {
            "total": 249.86208040000002,
            "count": 1,
            "self": 0.5263884000000587,
            "children": {
                "TrainerController._reset_env": {
                    "total": 33.2468656,
                    "count": 1,
                    "self": 33.2468656
                },
                "TrainerController.advance": {
                    "total": 216.05347179999998,
                    "count": 31271,
                    "self": 0.5089419999980578,
                    "children": {
                        "env_step": {
                            "total": 122.231290900002,
                            "count": 31271,
                            "self": 102.44122749999991,
                            "children": {
                                "SubprocessEnvManager._take_step": {
                                    "total": 19.46245169999981,
                                    "count": 31271,
                                    "self": 1.795366800002725,
                                    "children": {
                                        "TorchPolicy.evaluate": {
                                            "total": 17.667084899997086,
                                            "count": 31271,
                                            "self": 3.50540769999796,
                                            "children": {
                                                "TorchPolicy.sample_actions": {
                                                    "total": 14.161677199999126,
                                                    "count": 31271,
                                                    "self": 14.161677199999126
                                                }
                                            }
                                        }
                                    }
                                },
                                "workers": {
                                    "total": 0.32761170000227935,
                                    "count": 31271,
                                    "self": 0.0,
                                    "children": {
                                        "worker_root": {
                                            "total": 215.90174029999912,
                                            "count": 31271,
                                            "is_parallel": true,
                                            "self": 146.76011760000011,
                                            "children": {
                                                "steps_from_proto": {
                                                    "total": 0.00039960000000149876,