{
    "name": "root",
    "gauges": {
        "Gabe.Policy.Entropy.mean": {
            "value": 1.397788166999817,
            "min": 1.3925583362579346,
            "max": 1.3991156816482544,
            "count": 10
        },
        "Gabe.Policy.Entropy.sum": {
            "value": 70068.328125,
            "min": 69495.3125,
            "max": 70385.46875,
            "count": 10
        },
        "Gabe.Environment.EpisodeLength.mean": {
            "value": 205.86721991701245,
            "min": 205.86721991701245,
            "max": 267.04395604395603,
            "count": 10
        },
        "Gabe.Environment.EpisodeLength.sum": {
            "value": 49614.0,
            "min": 46287.0,
            "max": 50741.0,
            "count": 10
        },
        "Gabe.Step.mean": {
            "value": 499992.0,
            "min": 49996.0,
            "max": 499992.0,
            "count": 10
        },
        "Gabe.Step.sum": {
            "value": 499992.0,
            "min": 49996.0,
            "max": 499992.0,
            "count": 10
        },
        "Gabe.Policy.ExtrinsicValueEstimate.mean": {
            "value": 2.2527389526367188,
            "min": 1.2065037488937378,
            "max": 2.2860498428344727,
            "count": 10
        },
        "Gabe.Policy.ExtrinsicValueEstimate.sum": {
            "value": 1995.9266357421875,
            "min": 1030.354248046875,
            "max": 1995.9266357421875,
            "count": 10
        },
        "Gabe.Environment.CumulativeReward.mean": {
            "value": 6.680497925311204,
            "min": 3.8020833333333335,
            "max": 6.680497925311204,
            "count": 10
        },
        "Gabe.Environment.CumulativeReward.sum": {
            "value": 1610.0,
            "min": 730.0,
            "max": 1610.0,
            "count": 10
        },
        "Gabe.Policy.ExtrinsicReward.mean": {
            "value": 6.680497925311204,
            "min": 3.8020833333333335,
            "max": 6.680497925311204,
            "count": 10
        },
        "Gabe.Policy.ExtrinsicReward.sum": {
            "value": 1610.0,
            "min": 730.0,
            "max": 1610.0,
            "count": 10
        },
        "Gabe.Losses.PolicyLoss.mean": {
            "value": 0.023772277087652276,
            "min": 0.02162078402922513,
            "max": 0.026500496678733422,
            "count": 10
        },
        "Gabe.Losses.PolicyLoss.sum": {
            "value": 0.11886138543826139,
            "min": 0.08648313611690052,
            "max": 0.1325024833936671,
            "count": 10
        },
        "Gabe.Losses.ValueLoss.mean": {
            "value": 0.19571791241566344,
            "min": 0.1209057654812932,
            "max": 0.379447619865338,
            "count": 10
        },
        "Gabe.Losses.ValueLoss.sum": {
            "value": 0.9785895620783172,
            "min": 0.604528827406466,
            "max": 1.89723809932669,
            "count": 10
        },
        "Gabe.Policy.LearningRate.mean": {
            "value": 1.6357894547400007e-05,
            "min": 1.6357894547400007e-05,
            "max": 0.0002845911051363,
            "count": 10
        },
        "Gabe.Policy.LearningRate.sum": {
            "value": 8.178947273700004e-05,
            "min": 8.178947273700004e-05,
            "max": 0.0012843534718821998,
            "count": 10
        },
        "Gabe.Policy.Epsilon.mean": {
            "value": 0.10545260000000004,
            "min": 0.10545260000000004,
            "max": 0.19486370000000003,
            "count": 10
        },
        "Gabe.Policy.Epsilon.sum": {
            "value": 0.5272630000000001,
            "min": 0.49987360000000014,
            "max": 0.9281177999999999,
            "count": 10
        },
        "Gabe.Policy.Beta.mean": {
            "value": 0.0002820847400000002,
            "min": 0.0002820847400000002,
            "max": 0.004743698629999999,
            "count": 10
        },
        "Gabe.Policy.Beta.sum": {
            "value": 0.001410423700000001,
            "min": 0.001410423700000001,
            "max": 0.021413078220000006,
            "count": 10
        },
        "Gabe.IsTraining.mean": {
            "value": 1.0,
            "min": 1.0,
            "max": 1.0,
            "count": 10
        },
        "Gabe.IsTraining.sum": {
            "value": 1.0,
            "min": 1.0,
            "max": 1.0,
            "count": 10
        }
    },
    "metadata": {
        "timer_format_version": "0.1.0",
        "start_time_seconds": "1631932005",
        "python_version": "3.9.7 (tags/v3.9.7:1016ef3, Aug 30 2021, 20:19:38) [MSC v.1929 64 bit (AMD64)]",
        "command_line_arguments": "C:\\Users\\Acer\\Desktop\\work\\mlagent\\venv\\Scripts\\mlagents-learn --initialize-from Gary --run-id Ted",
        "mlagents_version": "0.27.0",
        "mlagents_envs_version": "0.27.0",
        "communication_protocol_version": "1.5.0",
        "pytorch_version": "1.9.0+cpu",
        "numpy_version": "1.21.2",
        "end_time_seconds": "1631932224"
    },
    "total": 218.6854057,
    "count": 1,
    "self": 0.007436999999981708,
    "children": {
        "run_training.setup": {
            "total": 0.030765399999999943,
            "count": 1,
            "self": 0.030765399999999943
        },
        "TrainerController.start_learning": {
            "total": 218.6472033,
            "count": 1,
            "self": 0.5145053999994502,
            "children": {
                "TrainerController._reset_env": {
                    "total": 4.7451476,
                    "count": 1,
                    "self": 4.7451476
                },
                "TrainerController.advance": {
                    "total": 213.35061780000055,
                    "count": 31284,
                    "self": 0.486027300001723,
                    "children": {
                        "env_step": {
                            "total": 119.99134390000116,
                            "count": 31284,
                            "self": 102.88336080000207,
                            "children": {
                                "SubprocessEnvManager._take_step": {
                                    "total": 16.79774359999864,
                                    "count": 31284,
                                    "self": 1.545232199997196,
                                    "children": {
                                        "TorchPolicy.evaluate": {
                                            "total": 15.252511400001444,
                                            "count": 31284,
                                            "self": 3.1171426000017934,
                                            "children": {
                                                "TorchPolicy.sample_actions": {
                                                    "total": 12.13536879999965,
                                                    "count": 31284,
                                                    "self": 12.13536879999965
                                                }
                                            }
                                        }
                                    }
                                },
                                "workers": {
                                    "total": 0.3102395000004581,
                                    "count": 31284,
                                    "self": 0.0,
                                    "children": {
                                        "worker_root": {
                                            "total": 213.25232630000076,
                                            "count": 31284,
                                            "is_parallel": true,
                                            "self": 141.7202012000006,