{
    "name": "root",
    "gauges": {
        "Gabe.Policy.Entropy.mean": {
            "value": 1.6711174249649048,
            "min": 1.629271388053894,
            "max": 1.6751188039779663,
            "count": 10
        },
        "Gabe.Policy.Entropy.sum": {
            "value": 83662.8203125,
            "min": 82143.1796875,
            "max": 83889.8125,
            "count": 10
        },
        "Gabe.Environment.EpisodeLength.mean": {
            "value": 3276.3333333333335,
            "min": 73.625,
            "max": 3446.0,
            "count": 4
        },
        "Gabe.Environment.EpisodeLength.sum": {
            "value": 19658.0,
            "min": 3534.0,
            "max": 19658.0,
            "count": 4
        },
        "Gabe.Step.mean": {
            "value": 499990.0,
            "min": 49982.0,
            "max": 499990.0,
            "count": 10
        },
        "Gabe.Step.sum": {
            "value": 499990.0,
            "min": 49982.0,
            "max": 499990.0,
            "count": 10
        },
        "Gabe.Policy.ExtrinsicValueEstimate.mean": {
            "value": 0.019421787932515144,
            "min": 0.019421787932515144,
            "max": 1.6815321445465088,
            "count": 10
        },
        "Gabe.Policy.ExtrinsicValueEstimate.sum": {
            "value": 15.187838554382324,
            "min": 15.187838554382324,
            "max": 1356.9964599609375,
            "count": 10
        },
        "Gabe.Environment.CumulativeReward.mean": {
            "value": 10.0,
            "min": 10.0,
            "max": 10.0,
            "count": 4
        },
        "Gabe.Environment.CumulativeReward.sum": {
            "value": 60.0,
            "min": 30.0,
            "max": 480.0,
            "count": 4
        },
        "Gabe.Policy.ExtrinsicReward.mean": {
            "value": 10.0,
            "min": 10.0,
            "max": 10.0,
            "count": 4
        },
        "Gabe.Policy.ExtrinsicReward.sum": {
            "value": 60.0,
            "min": 30.0,
            "max": 480.0,
            "count": 4
        },
        "Gabe.Losses.PolicyLoss.mean": {
            "value": 0.022886852159087236,
            "min": 0.02175230346701937,
            "max": 0.027609589929852518,
            "count": 10
        },
        "Gabe.Losses.PolicyLoss.sum": {
            "value": 0.11443426079543617,
            "min": 0.08700921386807749,
            "max": 0.1308851930400124,
            "count": 10
        },
        "Gabe.Losses.ValueLoss.mean": {
            "value": 0.00018355816137045623,
            "min": 0.00017945770358589167,
            "max": 0.06931768334470688,
            "count": 10
        },
        "Gabe.Losses.ValueLoss.sum": {
            "value": 0.0009177908068522811,
            "min": 0.0008972885179294583,
            "max": 0.2772707333788275,
            "count": 10
        },
        "Gabe.Policy.LearningRate.mean": {
            "value": 1.5711694762800004e-05,
            "min": 1.5711694762800004e-05,
            "max": 0.00028457925514024994,
            "count": 10
        },
        "Gabe.Policy.LearningRate.sum": {
            "value": 7.855847381400003e-05,
            "min": 7.855847381400003e-05,
            "max": 0.0012838344720552,
            "count": 10
        },
        "Gabe.Policy.Epsilon.mean": {
            "value": 0.1052372,
            "min": 0.1052372,
            "max": 0.19485975,
            "count": 10
        },
        "Gabe.Policy.Epsilon.sum": {
            "value": 0.526186,
            "min": 0.526186,
            "max": 0.9279447999999999,
            "count": 10
        },
        "Gabe.Policy.Beta.mean": {
            "value": 0.0002713362800000002,
            "min": 0.0002713362800000002,
            "max": 0.004743501525000001,
            "count": 10
        },
        "Gabe.Policy.Beta.sum": {
            "value": 0.001356681400000001,
            "min": 0.001356681400000001,
            "max": 0.02140444552,
            "count": 10
        },
        "Gabe.IsTraining.mean": {
            "value": 1.0,
            "min": 1.0,
            "max": 1.0,
            "count": 10
        },
        "Gabe.IsTraining.sum": {
            "value": 1.0,
            "min": 1.0,
            "max": 1.0,
            "count": 10
        }
    },
    "metadata": {
        "timer_format_version": "0.1.0",
        "start_time_seconds": "1631871308",
        "python_version": "3.9.7 (tags/v3.9.7:1016ef3, Aug 30 2021, 20:19:38) [MSC v.1929 64 bit (AMD64)]",
        "command_line_arguments": "C:\\Users\\Acer\\Desktop\\work\\3Dgameproject\\3Dgameproject\\venv\\Scripts\\mlagents-learn --initialize-from Frank --run-id Joe",
        "mlagents_version": "0.27.0",
        "mlagents_envs_version": "0.27.0",
        "communication_protocol_version": "1.5.0",
        "pytorch_version": "1.7.1+cu110",
        "numpy_version": "1.21.2",
        "end_time_seconds": "1631871568"
    },
    "total": 259.8768125,
    "count": 1,
    "self": 0.006389400000045953,
    "children": {
        "run_training.setup": {
            "total": 0.12946810000000009,
            "count": 1,
            "self": 0.12946810000000009
        },
        "TrainerController.start_learning": {
            "total": 259.740955,
            "count": 1,
            "self": 0.5171269999991068,
            "children": {
                "TrainerController._reset_env": {
                    "total": 4.6587084999999995,
                    "count": 1,
                    "self": 4.6587084999999995
                },
                "TrainerController.advance": {
                    "total": 254.52687020000087,
                    "count": 31284,
                    "self": 0.4601303999973254,
                    "children": {
                        "env_step": {
                            "total": 158.9828680000022,
                            "count": 31284,
                            "self": 120.12967999999927,
                            "children": {
                                "SubprocessEnvManager._take_step": {
                                    "total": 38.54622320000115,
                                    "count": 31284,
                                    "self": 1.557602999999844,
                                    "children": {
                                        "TorchPolicy.evaluate": {
                                            "total": 36.98862020000131,
                                            "count": 31284,
                                            "self": 13.3557522000004,
                                            "children": {
                                                "TorchPolicy.sample_actions": {
                                                    "total": 23.632868000000908,
                                                    "count": 31284,
                                                    "self": 23.632868000000908
                                                }
                                            }
                                        }
                                    }
                                },
                                "workers": {
                                    "total": 0.3069648000017988,
                                    "count": 31284,
                                    "self": 0.0,
                                    "children": {
                                        "worker_root": {
                                            "total": 255.53810029999846,
                                            "count": 31284,
                                            "is_parallel": true,
                                            "self": 165.54744149999948,
                                            "children": {
                                                "steps_from_proto": {
                                                    "total": 0.00037280000000006197,