{
    "name": "root",
    "gauges": {
        "Gabe.Policy.Entropy.mean": {
            "value": 1.6528575420379639,
            "min": 1.6528575420379639,
            "max": 1.6585818529129028,
            "count": 10
        },
        "Gabe.Policy.Entropy.sum": {
            "value": 82828.0,
            "min": 82480.2890625,
            "max": 83686.4140625,
            "count": 10
        },
        "Gabe.Environment.EpisodeLength.mean": {
            "value": 167.21140939597316,
            "min": 161.30392156862746,
            "max": 177.10714285714286,
            "count": 10
        },
        "Gabe.Environment.EpisodeLength.sum": {
            "value": 49829.0,
            "min": 48440.0,
            "max": 50427.0,
            "count": 10
        },
        "Gabe.Step.mean": {
            "value": 499998.0,
            "min": 49941.0,
            "max": 499998.0,
            "count": 10
        },
        "Gabe.Step.sum": {
            "value": 499998.0,
            "min": 49941.0,
            "max": 499998.0,
            "count": 10
        },
        "Gabe.Policy.ExtrinsicValueEstimate.mean": {
            "value": 0.9242476224899292,
            "min": 0.18065665662288666,
            "max": 1.7962249517440796,
            "count": 10
        },
        "Gabe.Policy.ExtrinsicValueEstimate.sum": {
            "value": 836.444091796875,
            "min": 162.95230102539062,
            "max": 1650.730712890625,
            "count": 10
        },
        "Gabe.Environment.CumulativeReward.mean": {
            "value": 3.3221476510067114,
            "min": 2.3157894736842106,
            "max": 4.6103896103896105,
            "count": 10
        },
        "Gabe.Environment.CumulativeReward.sum": {
            "value": 990.0,
            "min": 660.0,
            "max": 1420.0,
            "count": 10
        },
        "Gabe.Policy.ExtrinsicReward.mean": {
            "value": 3.3221476510067114,
            "min": 2.3157894736842106,
            "max": 4.6103896103896105,
            "count": 10
        },
        "Gabe.Policy.ExtrinsicReward.sum": {
            "value": 990.0,
            "min": 660.0,
            "max": 1420.0,
            "count": 10
        },
        "Gabe.Losses.PolicyLoss.mean": {
            "value": 0.022361610615310685,
            "min": 0.022258100061396065,
            "max": 0.024759998001536585,
            "count": 10
        },
        "Gabe.Losses.PolicyLoss.sum": {
            "value": 0.11180805307655342,
            "min": 0.09516373809310608,
            "max": 0.12062263076659292,
            "count": 10
        },
        "Gabe.Losses.ValueLoss.mean": {
            "value": 0.37915946866075195,
            "min": 0.19419804150859515,
            "max": 0.37915946866075195,
            "count": 10
        },
        "Gabe.Losses.ValueLoss.sum": {
            "value": 1.8957973433037598,
            "min": 0.9709902075429758,
            "max": 1.8957973433037598,
            "count": 10
        },
        "Gabe.Policy.LearningRate.mean": {
            "value": 1.643565452148e-05,
            "min": 1.643565452148e-05,
            "max": 0.00028448745517085006,
            "count": 10
        },
        "Gabe.Policy.LearningRate.sum": {
            "value": 8.21782726074e-05,
            "min": 8.21782726074e-05,
            "max": 0.001283733072089,
            "count": 10
        },
        "Gabe.Policy.Epsilon.mean": {
            "value": 0.10547851999999999,
            "min": 0.10547851999999999,
            "max": 0.19482915000000006,
            "count": 10
        },
        "Gabe.Policy.Epsilon.sum": {
            "value": 0.5273926,
            "min": 0.5000016000000002,
            "max": 0.927911,
            "count": 10
        },
        "Gabe.Policy.Beta.mean": {
            "value": 0.0002833781480000001,
            "min": 0.0002833781480000001,
            "max": 0.004741974585,
            "count": 10
        },
        "Gabe.Policy.Beta.sum": {
            "value": 0.0014168907400000004,
            "min": 0.0014168907400000004,
            "max": 0.0214027589,
            "count": 10
        },
        "Gabe.IsTraining.mean": {
            "value": 1.0,
            "min": 1.0,
            "max": 1.0,
            "count": 10
        },
        "Gabe.IsTraining.sum": {
            "value": 1.0,
            "min": 1.0,
            "max": 1.0,
            "count": 10
        }
    },
    "metadata": {
        "timer_format_version": "0.1.0",
        "start_time_seconds": "1631867927",
        "python_version": "3.9.7 (tags/v3.9.7:1016ef3, Aug 30 2021, 20:19:38) [MSC v.1929 64 bit (AMD64)]",
        "command_line_arguments": "C:\\Users\\Acer\\Desktop\\work\\3Dgameproject\\3Dgameproject\\venv\\Scripts\\mlagents-learn --initialize-from Jeff --run-id Harvey",
        "mlagents_version": "0.27.0",
        "mlagents_envs_version": "0.27.0",
        "communication_protocol_version": "1.5.0",
        "pytorch_version": "1.7.1+cu110",
        "numpy_version": "1.21.2",
        "end_time_seconds": "1631868162"
    },
    "total": 235.14253620000002,
    "count": 1,
    "self": 0.009794800000008763,
    "children": {
        "run_training.setup": {
            "total": 0.12681300000000006,
            "count": 1,
            "self": 0.12681300000000006
        },
        "TrainerController.start_learning": {
            "total": 235.00592840000002,
            "count": 1,
            "self": 0.5088384999978928,
            "children": {
                "TrainerController._reset_env": {
                    "total": 4.1497767,
                    "count": 1,
                    "self": 4.1497767
                },
                "TrainerController.advance": {
                    "total": 230.31185680000215,
                    "count": 31284,
                    "self": 0.464495700002459,
                    "children": {
                        "env_step": {
                            "total": 135.36580789999843,
                            "count": 31284,
                            "self": 97.91128739999665,
                            "children": {
                                "SubprocessEnvManager._take_step": {
                                    "total": 37.16139870000016,
                                    "count": 31284,
                                    "self": 1.5560439000000343,
                                    "children": {
                                        "TorchPolicy.evaluate": {
                                            "total": 35.60535480000013,
                                            "count": 31284,
                                            "self": 12.892467100000438,
                                            "children": {
                                                "TorchPolicy.sample_actions": {
                                                    "total": 22.71288769999969,
                                                    "count": 31284,
                                                    "self": 22.71288769999969
                                                }
                                            }
                                        }
                                    }
                                },
                                "workers": {
                                    "total": 0.2931218000016127,
                                    "count": 31284,
                                    "self": 0.0,
                                    "children": {
                                        "worker_root": {
                                            "total": 231.32511450000123,
                                            "count": 31284,
                                            "is_parallel": true,
                                            "self": 162.5496911000012,