{
    "name": "root",
    "gauges": {
        "Gabe.Policy.Entropy.mean": {
            "value": 1.398692011833191,
            "min": 1.3845646381378174,
            "max": 1.3994778394699097,
            "count": 10
        },
        "Gabe.Policy.Entropy.sum": {
            "value": 69666.0546875,
            "min": 69117.46875,
            "max": 70153.0234375,
            "count": 10
        },
        "Gabe.Environment.EpisodeLength.mean": {
            "value": 91.95700934579439,
            "min": 86.35355285961872,
            "max": 123.08029197080292,
            "count": 10
        },
        "Gabe.Environment.EpisodeLength.sum": {
            "value": 49197.0,
            "min": 48556.0,
            "max": 50586.0,
            "count": 10
        },
        "Gabe.Step.mean": {
            "value": 499976.0,
            "min": 49969.0,
            "max": 499976.0,
            "count": 10
        },
        "Gabe.Step.sum": {
            "value": 499976.0,
            "min": 49969.0,
            "max": 499976.0,
            "count": 10
        },
        "Gabe.Policy.ExtrinsicValueEstimate.mean": {
            "value": 6.104711532592773,
            "min": 5.833497047424316,
            "max": 6.687510013580322,
            "count": 10
        },
        "Gabe.Policy.ExtrinsicValueEstimate.sum": {
            "value": 6416.0517578125,
            "min": 5728.494140625,
            "max": 7209.1357421875,
            "count": 10
        },
        "Gabe.Environment.CumulativeReward.mean": {
            "value": 9.514018691588785,
            "min": 8.953771289537713,
            "max": 9.786856127886324,
            "count": 10
        },
        "Gabe.Environment.CumulativeReward.sum": {
            "value": 5090.0,
            "min": 3680.0,
            "max": 5590.0,
            "count": 10
        },
        "Gabe.Policy.ExtrinsicReward.mean": {
            "value": 9.514018691588785,
            "min": 8.953771289537713,
            "max": 9.786856127886324,
            "count": 10
        },
        "Gabe.Policy.ExtrinsicReward.sum": {
            "value": 5090.0,
            "min": 3680.0,
            "max": 5590.0,
            "count": 10
        },
        "Gabe.Losses.PolicyLoss.mean": {
            "value": 0.02136237157469926,
            "min": 0.02136237157469926,
            "max": 0.024876440878773186,
            "count": 10
        },
        "Gabe.Losses.PolicyLoss.sum": {
            "value": 0.10681185787349629,
            "min": 0.09096711061768777,
            "max": 0.12438220439386594,
            "count": 10
        },
        "Gabe.Losses.ValueLoss.mean": {
            "value": 0.5375006620089213,
            "min": 0.07965936047335465,
            "max": 0.9804791680971782,
            "count": 10
        },
        "Gabe.Losses.ValueLoss.sum": {
            "value": 2.6875033100446064,
            "min": 0.39829680236677323,
            "max": 4.902395840485891,
            "count": 10
        },
        "Gabe.Policy.LearningRate.mean": {
            "value": 1.6205854598079994e-05,
            "min": 1.6205854598079994e-05,
            "max": 0.0002846124051292,
            "count": 10
        },
        "Gabe.Policy.LearningRate.sum": {
            "value": 8.102927299039997e-05,
            "min": 8.102927299039997e-05,
            "max": 0.0012843534718822,
            "count": 10
        },
        "Gabe.Policy.Epsilon.mean": {
            "value": 0.10540192000000001,
            "min": 0.10540192000000001,
            "max": 0.19487080000000004,
            "count": 10
        },
        "Gabe.Policy.Epsilon.sum": {
            "value": 0.5270096000000001,
            "min": 0.4997976000000001,
            "max": 0.9281178000000001,
            "count": 10
        },
        "Gabe.Policy.Beta.mean": {
            "value": 0.0002795558079999999,
            "min": 0.0002795558079999999,
            "max": 0.00474405292,
            "count": 10
        },
        "Gabe.Policy.Beta.sum": {
            "value": 0.0013977790399999994,
            "min": 0.0013977790399999994,
            "max": 0.02141307822,
            "count": 10
        },
        "Gabe.IsTraining.mean": {
            "value": 1.0,
            "min": 1.0,
            "max": 1.0,
            "count": 10
        },
        "Gabe.IsTraining.sum": {
            "value": 1.0,
            "min": 1.0,
            "max": 1.0,
            "count": 10
        }
    },
    "metadata": {
        "timer_format_version": "0.1.0",
        "start_time_seconds": "1631933364",
        "python_version": "3.9.7 (tags/v3.9.7:1016ef3, Aug 30 2021, 20:19:38) [MSC v.1929 64 bit (AMD64)]",
        "command_line_arguments": "C:\\Users\\Acer\\Desktop\\work\\mlagent\\venv\\Scripts\\mlagents-learn --initialize-from Walter --run-id Harvey",
        "mlagents_version": "0.27.0",
        "mlagents_envs_version": "0.27.0",
        "communication_protocol_version": "1.5.0",
        "pytorch_version": "1.9.0+cpu",
        "numpy_version": "1.21.2",
        "end_time_seconds": "1631933584"
    },
    "total": 220.67118490000001,
    "count": 1,
    "self": 0.009384900000014795,
    "children": {
        "run_training.setup": {
            "total": 0.031844000000000094,
            "count": 1,
            "self": 0.031844000000000094
        },
        "TrainerController.start_learning": {
            "total": 220.629956,
            "count": 1,
            "self": 0.5177072999969994,
            "children": {
                "TrainerController._reset_env": {
                    "total": 3.5668409,
                    "count": 1,
                    "self": 3.5668409
                },
                "TrainerController.advance": {
                    "total": 216.504749800003,
                    "count": 31273,
                    "self": 0.4858032000039145,
                    "children": {
                        "env_step": {
                            "total": 121.21444529999957,
                            "count": 31273,
                            "self": 103.88796979999509,
                            "children": {
                                "SubprocessEnvManager._take_step": {
                                    "total": 17.004242200001812,
                                    "count": 31273,
                                    "self": 1.6424280000009617,
                                    "children": {
                                        "TorchPolicy.evaluate": {
                                            "total": 15.36181420000085,
                                            "count": 31273,
                                            "self": 3.1055621000011477,
                                            "children": {
                                                "TorchPolicy.sample_actions": {
                                                    "total": 12.256252099999703,
                                                    "count": 31273,
                                                    "self": 12.256252099999703
                                                }
                                            }
                                        }
                                    }
                                },
                                "workers": {
                                    "total": 0.3222333000026598,
                                    "count": 31273,
                                    "self": 0.0,
                                    "children": {
                                        "worker_root": {
                                            "total": 216.3995066999979,
                                            "count": 31273,
                                            "is_parallel": true,
                                            "self": 144.52060619999918,