{
    "name": "root",
    "gauges": {
        "Gabe.Policy.Entropy.mean": {
            "value": 1.1295158863067627,
            "min": 1.1235445737838745,
            "max": 1.133667230606079,
            "count": 10
        },
        "Gabe.Policy.Entropy.sum": {
            "value": 56475.79296875,
            "min": 56242.1171875,
            "max": 56683.359375,
            "count": 10
        },
        "Gabe.Step.mean": {
            "value": 499960.0,
            "min": 49947.0,
            "max": 499960.0,
            "count": 10
        },
        "Gabe.Step.sum": {
            "value": 499960.0,
            "min": 49947.0,
            "max": 499960.0,
            "count": 10
        },
        "Gabe.Policy.ExtrinsicValueEstimate.mean": {
            "value": 0.023554719984531403,
            "min": -0.0008117757388390601,
            "max": 0.37981390953063965,
            "count": 10
        },
        "Gabe.Policy.ExtrinsicValueEstimate.sum": {
            "value": 18.466899871826172,
            "min": -0.6364321708679199,
            "max": 297.394287109375,
            "count": 10
        },
        "Gabe.Losses.PolicyLoss.mean": {
            "value": 0.02182315682181676,
            "min": 0.02182315682181676,
            "max": 0.025845688028008833,
            "count": 10
        },
        "Gabe.Losses.PolicyLoss.sum": {
            "value": 0.08729262728726704,
            "min": 0.08729262728726704,
            "max": 0.12922844014004417,
            "count": 10
        },
        "Gabe.Losses.ValueLoss.mean": {
            "value": 0.0020289957809533615,
            "min": 0.0009301591201801784,
            "max": 0.44883016605639237,
            "count": 10
        },
        "Gabe.Losses.ValueLoss.sum": {
            "value": 0.008115983123813446,
            "min": 0.004650795600900892,
            "max": 1.7953206642255695,
            "count": 10
        },
        "Gabe.Policy.LearningRate.mean": {
            "value": 1.4706395097900004e-05,
            "min": 1.4706395097900004e-05,
            "max": 0.00028310400563199997,
            "count": 10
        },
        "Gabe.Policy.LearningRate.sum": {
            "value": 5.8825580391600015e-05,
            "min": 5.8825580391600015e-05,
            "max": 0.0012664494778502,
            "count": 10
        },
        "Gabe.Policy.Epsilon.mean": {
            "value": 0.1049021,
            "min": 0.1049021,
            "max": 0.19436799999999999,
            "count": 10
        },
        "Gabe.Policy.Epsilon.sum": {
            "value": 0.4196084,
            "min": 0.4196084,
            "max": 0.9221498,
            "count": 10
        },
        "Gabe.Policy.Beta.mean": {
            "value": 0.0002546147900000001,
            "min": 0.0002546147900000001,
            "max": 0.0047189632,
            "count": 10
        },
        "Gabe.Policy.Beta.sum": {
            "value": 0.0010184591600000004,
            "min": 0.0010184591600000004,
            "max": 0.021115275020000004,
            "count": 10
        },
        "Gabe.Environment.EpisodeLength.mean": {
            "value": 3124.0,
            "min": 2932.9375,
            "max": 3124.0,
            "count": 10
        },
        "Gabe.Environment.EpisodeLength.sum": {
            "value": 49984.0,
            "min": 46927.0,
            "max": 49984.0,
            "count": 10
        },
        "Gabe.Environment.CumulativeReward.mean": {
            "value": 0.0,
            "min": -1.25,
            "max": 0.625,
            "count": 10
        },
        "Gabe.Environment.CumulativeReward.sum": {
            "value": 0.0,
            "min": -20.0,
            "max": 10.0,
            "count": 10
        },
        "Gabe.Policy.ExtrinsicReward.mean": {
            "value": 0.0,
            "min": -1.25,
            "max": 0.625,
            "count": 10
        },
        "Gabe.Policy.ExtrinsicReward.sum": {
            "value": 0.0,
            "min": -20.0,
            "max": 10.0,
            "count": 10
        },
        "Gabe.IsTraining.mean": {
            "value": 1.0,
            "min": 1.0,
            "max": 1.0,
            "count": 10
        },
        "Gabe.IsTraining.sum": {
            "value": 1.0,
            "min": 1.0,
            "max": 1.0,
            "count": 10
        }
    },
    "metadata": {
        "timer_format_version": "0.1.0",
        "start_time_seconds": "1632038119",
        "python_version": "3.9.7 (tags/v3.9.7:1016ef3, Aug 30 2021, 20:19:38) [MSC v.1929 64 bit (AMD64)]",
        "command_line_arguments": "C:\\Users\\Acer\\Desktop\\work\\mlagent\\venv\\Scripts\\mlagents-learn --initialize-from Y_7 --run-id Y_8",
        "mlagents_version": "0.27.0",
        "mlagents_envs_version": "0.27.0",
        "communication_protocol_version": "1.5.0",
        "pytorch_version": "1.9.0+cpu",
        "numpy_version": "1.21.2",
        "end_time_seconds": "1632038354"
    },
    "total": 234.8321435,
    "count": 1,
    "self": 0.009864199999981338,
    "children": {
        "run_training.setup": {
            "total": 0.031906300000000054,
            "count": 1,
            "self": 0.031906300000000054
        },
        "TrainerController.start_learning": {
            "total": 234.79037300000002,
            "count": 1,
            "self": 0.5777306999987388,
            "children": {
                "TrainerController._reset_env": {
                    "total": 5.3610494,
                    "count": 1,
                    "self": 5.3610494
                },
                "TrainerController.advance": {
                    "total": 228.80066900000125,
                    "count": 31276,
                    "self": 0.5847613000009062,
                    "children": {
                        "env_step": {
                            "total": 130.6583371000008,
                            "count": 31276,
                            "self": 109.34557840000484,
                            "children": {
                                "SubprocessEnvManager._take_step": {
                                    "total": 20.94933439999646,
                                    "count": 31276,
                                    "self": 2.046994999996741,
                                    "children": {
                                        "TorchPolicy.evaluate": {
                                            "total": 18.90233939999972,
                                            "count": 31276,
                                            "self": 3.8483606999985724,
                                            "children": {
                                                "TorchPolicy.sample_actions": {
                                                    "total": 15.053978700001146,
                                                    "count": 31276,
                                                    "self": 15.053978700001146
                                                }
                                            }
                                        }
                                    }
                                },
                                "workers": {
                                    "total": 0.363424299999509,
                                    "count": 31276,
                                    "self": 0.0,
                                    "children": {
                                        "worker_root": {
                                            "total": 228.66467139999807,
                                            "count": 31276,
                                            "is_parallel": true,
                                            "self": 154.42357949999592,
                                            "children": {
                                                "steps_from_proto": {
                                                    "total": 0.00031349999999985556,
                                                    "count": 1,