{
    "name": "root",
    "gauges": {
        "Gabe.Policy.Entropy.mean": {
            "value": 1.637512445449829,
            "min": 1.637512445449829,
            "max": 1.6522276401519775,
            "count": 10
        },
        "Gabe.Policy.Entropy.sum": {
            "value": 82006.625,
            "min": 81769.4921875,
            "max": 83378.015625,
            "count": 10
        },
        "Gabe.Environment.EpisodeLength.mean": {
            "value": 171.72027972027973,
            "min": 151.27963525835867,
            "max": 173.72413793103448,
            "count": 10
        },
        "Gabe.Environment.EpisodeLength.sum": {
            "value": 49112.0,
            "min": 47704.0,
            "max": 50429.0,
            "count": 10
        },
        "Gabe.Step.mean": {
            "value": 499983.0,
            "min": 49984.0,
            "max": 499983.0,
            "count": 10
        },
        "Gabe.Step.sum": {
            "value": 499983.0,
            "min": 49984.0,
            "max": 499983.0,
            "count": 10
        },
        "Gabe.Policy.ExtrinsicValueEstimate.mean": {
            "value": 1.6322399377822876,
            "min": 0.969896674156189,
            "max": 2.401089668273926,
            "count": 10
        },
        "Gabe.Policy.ExtrinsicValueEstimate.sum": {
            "value": 1464.1192626953125,
            "min": 884.5457763671875,
            "max": 2175.38720703125,
            "count": 10
        },
        "Gabe.Environment.CumulativeReward.mean": {
            "value": 4.7735191637630665,
            "min": 4.054054054054054,
            "max": 5.92948717948718,
            "count": 10
        },
        "Gabe.Environment.CumulativeReward.sum": {
            "value": 1370.0,
            "min": 1200.0,
            "max": 1850.0,
            "count": 10
        },
        "Gabe.Policy.ExtrinsicReward.mean": {
            "value": 4.7735191637630665,
            "min": 4.054054054054054,
            "max": 5.92948717948718,
            "count": 10
        },
        "Gabe.Policy.ExtrinsicReward.sum": {
            "value": 1370.0,
            "min": 1200.0,
            "max": 1850.0,
            "count": 10
        },
        "Gabe.Losses.PolicyLoss.mean": {
            "value": 0.02315228897224491,
            "min": 0.02175107690699709,
            "max": 0.025462185925571246,
            "count": 10
        },
        "Gabe.Losses.PolicyLoss.sum": {
            "value": 0.11576144486122454,
            "min": 0.09002608551333348,
            "max": 0.12731092962785623,
            "count": 10
        },
        "Gabe.Losses.ValueLoss.mean": {
            "value": 0.33672088821729024,
            "min": 0.12414646397034328,
            "max": 0.33672088821729024,
            "count": 10
        },
        "Gabe.Losses.ValueLoss.sum": {
            "value": 1.6836044410864512,
            "min": 0.6207323198517164,
            "max": 1.6836044410864512,
            "count": 10
        },
        "Gabe.Policy.LearningRate.mean": {
            "value": 1.6515814494759995e-05,
            "min": 1.6515814494759995e-05,
            "max": 0.00028460985513005,
            "count": 10
        },
        "Gabe.Policy.LearningRate.sum": {
            "value": 8.257907247379997e-05,
            "min": 8.257907247379997e-05,
            "max": 0.0012844092718635998,
            "count": 10
        },
        "Gabe.Policy.Epsilon.mean": {
            "value": 0.10550524000000001,
            "min": 0.10550524000000001,
            "max": 0.19486995,
            "count": 10
        },
        "Gabe.Policy.Epsilon.sum": {
            "value": 0.5275262000000001,
            "min": 0.5001474,
            "max": 0.9281364000000001,
            "count": 10
        },
        "Gabe.Policy.Beta.mean": {
            "value": 0.00028471147599999993,
            "min": 0.00028471147599999993,
            "max": 0.004744010505,
            "count": 10
        },
        "Gabe.Policy.Beta.sum": {
            "value": 0.0014235573799999996,
            "min": 0.0014235573799999996,
            "max": 0.021414006359999998,
            "count": 10
        },
        "Gabe.IsTraining.mean": {
            "value": 1.0,
            "min": 1.0,
            "max": 1.0,
            "count": 10
        },
        "Gabe.IsTraining.sum": {
            "value": 1.0,
            "min": 1.0,
            "max": 1.0,
            "count": 10
        }
    },
    "metadata": {
        "timer_format_version": "0.1.0",
        "start_time_seconds": "1631868401",
        "python_version": "3.9.7 (tags/v3.9.7:1016ef3, Aug 30 2021, 20:19:38) [MSC v.1929 64 bit (AMD64)]",
        "command_line_arguments": "C:\\Users\\Acer\\Desktop\\work\\3Dgameproject\\3Dgameproject\\venv\\Scripts\\mlagents-learn --initialize-from Harvey --run-id Bruce",
        "mlagents_version": "0.27.0",
        "mlagents_envs_version": "0.27.0",
        "communication_protocol_version": "1.5.0",
        "pytorch_version": "1.7.1+cu110",
        "numpy_version": "1.21.2",
        "end_time_seconds": "1631868633"
    },
    "total": 232.2195622,
    "count": 1,
    "self": 0.007849100000015596,
    "children": {
        "run_training.setup": {
            "total": 0.11905279999999996,
            "count": 1,
            "self": 0.11905279999999996
        },
        "TrainerController.start_learning": {
            "total": 232.0926603,
            "count": 1,
            "self": 0.4834434999996233,
            "children": {
                "TrainerController._reset_env": {
                    "total": 5.5444026,
                    "count": 1,
                    "self": 5.5444026
                },
                "TrainerController.advance": {
                    "total": 226.02701700000037,
                    "count": 31285,
                    "self": 0.45116990000011015,
                    "children": {
                        "env_step": {
                            "total": 133.890821499998,
                            "count": 31285,
                            "self": 96.43183589999467,
                            "children": {
                                "SubprocessEnvManager._take_step": {
                                    "total": 37.169486000000944,
                                    "count": 31285,
                                    "self": 1.561953800003657,
                                    "children": {
                                        "TorchPolicy.evaluate": {
                                            "total": 35.60753219999729,
                                            "count": 31285,
                                            "self": 12.872139099998787,
                                            "children": {
                                                "TorchPolicy.sample_actions": {
                                                    "total": 22.7353930999985,
                                                    "count": 31285,
                                                    "self": 22.7353930999985
                                                }
                                            }
                                        }
                                    }
                                },
                                "workers": {
                                    "total": 0.2894996000023795,
                                    "count": 31285,
                                    "self": 0.0,
                                    "children": {
                                        "worker_root": {
                                            "total": 227.04506450000133,
                                            "count": 31285,
                                            "is_parallel": true,
                                            "self": 159.66892980000023,