{
    "name": "root",
    "gauges": {
        "Gabe.Policy.Entropy.mean": {
            "value": 1.3985412120819092,
            "min": 1.3946192264556885,
            "max": 1.3994702100753784,
            "count": 10
        },
        "Gabe.Policy.Entropy.sum": {
            "value": 70038.9453125,
            "min": 69583.6171875,
            "max": 70333.4375,
            "count": 10
        },
        "Gabe.Environment.EpisodeLength.mean": {
            "value": 162.32781456953643,
            "min": 162.32781456953643,
            "max": 268.18617021276594,
            "count": 10
        },
        "Gabe.Environment.EpisodeLength.sum": {
            "value": 49023.0,
            "min": 47063.0,
            "max": 50803.0,
            "count": 10
        },
        "Gabe.Step.mean": {
            "value": 499987.0,
            "min": 49988.0,
            "max": 499987.0,
            "count": 10
        },
        "Gabe.Step.sum": {
            "value": 499987.0,
            "min": 49988.0,
            "max": 499987.0,
            "count": 10
        },
        "Gabe.Policy.ExtrinsicValueEstimate.mean": {
            "value": 3.3768911361694336,
            "min": 2.083651304244995,
            "max": 3.5189244747161865,
            "count": 10
        },
        "Gabe.Policy.ExtrinsicValueEstimate.sum": {
            "value": 3110.11669921875,
            "min": 1766.936279296875,
            "max": 3149.4375,
            "count": 10
        },
        "Gabe.Environment.CumulativeReward.mean": {
            "value": 7.781456953642384,
            "min": 5.449735449735449,
            "max": 7.781456953642384,
            "count": 10
        },
        "Gabe.Environment.CumulativeReward.sum": {
            "value": 2350.0,
            "min": 1030.0,
            "max": 2350.0,
            "count": 10
        },
        "Gabe.Policy.ExtrinsicReward.mean": {
            "value": 7.781456953642384,
            "min": 5.449735449735449,
            "max": 7.781456953642384,
            "count": 10
        },
        "Gabe.Policy.ExtrinsicReward.sum": {
            "value": 2350.0,
            "min": 1030.0,
            "max": 2350.0,
            "count": 10
        },
        "Gabe.Losses.PolicyLoss.mean": {
            "value": 0.021244271063575675,
            "min": 0.021244271063575675,
            "max": 0.026951098812278355,
            "count": 10
        },
        "Gabe.Losses.PolicyLoss.sum": {
            "value": 0.10622135531787838,
            "min": 0.08716254118432214,
            "max": 0.13475549406139178,
            "count": 10
        },
        "Gabe.Losses.ValueLoss.mean": {
            "value": 0.6495894107222557,
            "min": 0.1767442961533864,
            "max": 0.8116007786244154,
            "count": 10
        },
        "Gabe.Losses.ValueLoss.sum": {
            "value": 3.2479470536112784,
            "min": 0.883721480766932,
            "max": 3.2479470536112784,
            "count": 10
        },
        "Gabe.Policy.LearningRate.mean": {
            "value": 1.6387654537479996e-05,
            "min": 1.6387654537479996e-05,
            "max": 0.00028459260513579994,
            "count": 10
        },
        "Gabe.Policy.LearningRate.sum": {
            "value": 8.193827268739998e-05,
            "min": 8.193827268739998e-05,
            "max": 0.0012841632719455998,
            "count": 10
        },
        "Gabe.Policy.Epsilon.mean": {
            "value": 0.10546252000000003,
            "min": 0.10546252000000003,
            "max": 0.19486420000000002,
            "count": 10
        },
        "Gabe.Policy.Epsilon.sum": {
            "value": 0.5273126000000001,
            "min": 0.49994760000000005,
            "max": 0.9280544000000001,
            "count": 10
        },
        "Gabe.Policy.Beta.mean": {
            "value": 0.0002825797480000001,
            "min": 0.0002825797480000001,
            "max": 0.004743723580000001,
            "count": 10
        },
        "Gabe.Policy.Beta.sum": {
            "value": 0.0014128987400000004,
            "min": 0.0014128987400000004,
            "max": 0.021409914559999996,
            "count": 10
        },
        "Gabe.IsTraining.mean": {
            "value": 1.0,
            "min": 1.0,
            "max": 1.0,
            "count": 10
        },
        "Gabe.IsTraining.sum": {
            "value": 1.0,
            "min": 1.0,
            "max": 1.0,
            "count": 10
        }
    },
    "metadata": {
        "timer_format_version": "0.1.0",
        "start_time_seconds": "1631932247",
        "python_version": "3.9.7 (tags/v3.9.7:1016ef3, Aug 30 2021, 20:19:38) [MSC v.1929 64 bit (AMD64)]",
        "command_line_arguments": "C:\\Users\\Acer\\Desktop\\work\\mlagent\\venv\\Scripts\\mlagents-learn --initialize-from Ted --run-id Frank",
        "mlagents_version": "0.27.0",
        "mlagents_envs_version": "0.27.0",
        "communication_protocol_version": "1.5.0",
        "pytorch_version": "1.9.0+cpu",
        "numpy_version": "1.21.2",
        "end_time_seconds": "1631932464"
    },
    "total": 217.5319737,
    "count": 1,
    "self": 0.007139100000017606,
    "children": {
        "run_training.setup": {
            "total": 0.03330679999999997,
            "count": 1,
            "self": 0.03330679999999997
        },
        "TrainerController.start_learning": {
            "total": 217.4915278,
            "count": 1,
            "self": 0.5081039000006342,
            "children": {
                "TrainerController._reset_env": {
                    "total": 4.0989083,
                    "count": 1,
                    "self": 4.0989083
                },
                "TrainerController.advance": {
                    "total": 212.84679799999938,
                    "count": 31288,
                    "self": 0.4887410000007435,
                    "children": {
                        "env_step": {
                            "total": 118.6593637000001,
                            "count": 31288,
                            "self": 101.56341260000019,
                            "children": {
                                "SubprocessEnvManager._take_step": {
                                    "total": 16.798808600001273,
                                    "count": 31288,
                                    "self": 1.5349180000030174,
                                    "children": {
                                        "TorchPolicy.evaluate": {
                                            "total": 15.263890599998255,
                                            "count": 31288,
                                            "self": 3.0392187999978013,
                                            "children": {
                                                "TorchPolicy.sample_actions": {
                                                    "total": 12.224671800000454,
                                                    "count": 31288,
                                                    "self": 12.224671800000454
                                                }
                                            }
                                        }
                                    }
                                },
                                "workers": {
                                    "total": 0.2971424999986354,
                                    "count": 31288,
                                    "self": 0.0,
                                    "children": {
                                        "worker_root": {
                                            "total": 212.75455159999876,
                                            "count": 31288,
                                            "is_parallel": true,
                                            "self": 142.30490470000086,