{
    "name": "root",
    "gauges": {
        "Gabe.Policy.Entropy.mean": {
            "value": 1.1359751224517822,
            "min": 1.1359751224517822,
            "max": 1.1359751224517822,
            "count": 1
        },
        "Gabe.Policy.Entropy.sum": {
            "value": 57398.55078125,
            "min": 57398.55078125,
            "max": 57398.55078125,
            "count": 1
        },
        "Gabe.Step.mean": {
            "value": 49975.0,
            "min": 49975.0,
            "max": 49975.0,
            "count": 1
        },
        "Gabe.Step.sum": {
            "value": 49975.0,
            "min": 49975.0,
            "max": 49975.0,
            "count": 1
        },
        "Gabe.Policy.ExtrinsicValueEstimate.mean": {
            "value": 2.1439642906188965,
            "min": 2.1439642906188965,
            "max": 2.1439642906188965,
            "count": 1
        },
        "Gabe.Policy.ExtrinsicValueEstimate.sum": {
            "value": 1863.10498046875,
            "min": 1863.10498046875,
            "max": 1863.10498046875,
            "count": 1
        },
        "Gabe.Environment.EpisodeLength.mean": {
            "value": 176.68951612903226,
            "min": 176.68951612903226,
            "max": 176.68951612903226,
            "count": 1
        },
        "Gabe.Environment.EpisodeLength.sum": {
            "value": 43819.0,
            "min": 43819.0,
            "max": 43819.0,
            "count": 1
        },
        "Gabe.Environment.CumulativeReward.mean": {
            "value": -20.0,
            "min": -20.0,
            "max": -20.0,
            "count": 1
        },
        "Gabe.Environment.CumulativeReward.sum": {
            "value": -4940.0,
            "min": -4940.0,
            "max": -4940.0,
            "count": 1
        },
        "Gabe.Policy.ExtrinsicReward.mean": {
            "value": -20.0,
            "min": -20.0,
            "max": -20.0,
            "count": 1
        },
        "Gabe.Policy.ExtrinsicReward.sum": {
            "value": -4940.0,
            "min": -4940.0,
            "max": -4940.0,
            "count": 1
        },
        "Gabe.Losses.PolicyLoss.mean": {
            "value": 0.06225702802378995,
            "min": 0.06225702802378995,
            "max": 0.06225702802378995,
            "count": 1
        },
        "Gabe.Losses.PolicyLoss.sum": {
            "value": 0.2490281120951598,
            "min": 0.2490281120951598,
            "max": 0.2490281120951598,
            "count": 1
        },
        "Gabe.Losses.ValueLoss.mean": {
            "value": 13.763974972565968,
            "min": 13.763974972565968,
            "max": 13.763974972565968,
            "count": 1
        },
        "Gabe.Losses.ValueLoss.sum": {
            "value": 55.05589989026387,
            "min": 55.05589989026387,
            "max": 55.05589989026387,
            "count": 1
        },
        "Gabe.Policy.LearningRate.mean": {
            "value": 0.00028452015515995,
            "min": 0.00028452015515995,
            "max": 0.00028452015515995,
            "count": 1
        },
        "Gabe.Policy.LearningRate.sum": {
            "value": 0.0011380806206398,
            "min": 0.0011380806206398,
            "max": 0.0011380806206398,
            "count": 1
        },
        "Gabe.Policy.Epsilon.mean": {
            "value": 0.19484005000000007,
            "min": 0.19484005000000007,
            "max": 0.19484005000000007,
            "count": 1
        },
        "Gabe.Policy.Epsilon.sum": {
            "value": 0.7793602000000003,
            "min": 0.7793602000000003,
            "max": 0.7793602000000003,
            "count": 1
        },
        "Gabe.Policy.Beta.mean": {
            "value": 0.004742518495,
            "min": 0.004742518495,
            "max": 0.004742518495,
            "count": 1
        },
        "Gabe.Policy.Beta.sum": {
            "value": 0.01897007398,
            "min": 0.01897007398,
            "max": 0.01897007398,
            "count": 1
        },
        "Gabe.IsTraining.mean": {
            "value": 1.0,
            "min": 1.0,
            "max": 1.0,
            "count": 1
        },
        "Gabe.IsTraining.sum": {
            "value": 1.0,
            "min": 1.0,
            "max": 1.0,
            "count": 1
        }
    },
    "metadata": {
        "timer_format_version": "0.1.0",
        "start_time_seconds": "1632055252",
        "python_version": "3.9.7 (tags/v3.9.7:1016ef3, Aug 30 2021, 20:19:38) [MSC v.1929 64 bit (AMD64)]",
        "command_line_arguments": "C:\\Users\\Acer\\Desktop\\work\\mlagent\\venv\\Scripts\\mlagents-learn --initialize-from Y_5 --run-id Z_0",
        "mlagents_version": "0.27.0",
        "mlagents_envs_version": "0.27.0",
        "communication_protocol_version": "1.5.0",
        "pytorch_version": "1.9.0+cpu",
        "numpy_version": "1.21.2",
        "end_time_seconds": "1632055296"
    },
    "total": 43.4520051,
    "count": 1,
    "self": 0.0047239000000018905,
    "children": {
        "run_training.setup": {
            "total": 0.036453999999999986,
            "count": 1,
            "self": 0.036453999999999986
        },
        "TrainerController.start_learning": {
            "total": 43.4108272,
            "count": 1,
            "self": 0.08012080000004573,
            "children": {
                "TrainerController._reset_env": {
                    "total": 8.2837406,
                    "count": 1,
                    "self": 8.2837406
                },
                "TrainerController.advance": {
                    "total": 34.92738169999995,
                    "count": 4151,
                    "self": 0.07487619999974271,
                    "children": {
                        "env_step": {
                            "total": 21.91234760000012,
                            "count": 4151,
                            "self": 19.233902500000184,
                            "children": {
                                "SubprocessEnvManager._take_step": {
                                    "total": 2.632802000000016,
                                    "count": 4151,
                                    "self": 0.2342903000000245,
                                    "children": {
                                        "TorchPolicy.evaluate": {
                                            "total": 2.3985116999999914,
                                            "count": 4151,
                                            "self": 0.48852639999991254,
                                            "children": {
                                                "TorchPolicy.sample_actions": {
                                                    "total": 1.9099853000000788,
                                                    "count": 4151,
                                                    "self": 1.9099853000000788
                                                }
                                            }
                                        }
                                    }
                                },
                                "workers": {
                                    "total": 0.04564309999992133,
                                    "count": 4150,
                                    "self": 0.0,
                                    "children": {
                                        "worker_root": {
                                            "total": 34.9061249000001,
                                            "count": 4150,
                                            "is_parallel": true,
                                            "self": 20.332595499999847,
                                            "children": {
                                                "steps_from_proto": {
                                                    "total": 0.0003625999999989915,
                                                    "count": 1,