{
    "name": "root",
    "gauges": {
        "Gabe.Policy.Entropy.mean": {
            "value": 1.1267774105072021,
            "min": 1.1245125532150269,
            "max": 1.1295875310897827,
            "count": 10
        },
        "Gabe.Policy.Entropy.sum": {
            "value": 56410.984375,
            "min": 56027.7109375,
            "max": 56758.921875,
            "count": 10
        },
        "Gabe.Step.mean": {
            "value": 499973.0,
            "min": 49938.0,
            "max": 499973.0,
            "count": 10
        },
        "Gabe.Step.sum": {
            "value": 499973.0,
            "min": 49938.0,
            "max": 499973.0,
            "count": 10
        },
        "Gabe.Policy.ExtrinsicValueEstimate.mean": {
            "value": 0.9180771708488464,
            "min": 0.05622902140021324,
            "max": 1.0042102336883545,
            "count": 10
        },
        "Gabe.Policy.ExtrinsicValueEstimate.sum": {
            "value": 747.3148193359375,
            "min": 44.75830078125,
            "max": 809.3934326171875,
            "count": 10
        },
        "Gabe.Environment.EpisodeLength.mean": {
            "value": 984.7931034482758,
            "min": 917.9166666666666,
            "max": 1336.8648648648648,
            "count": 10
        },
        "Gabe.Environment.EpisodeLength.sum": {
            "value": 57118.0,
            "min": 35762.0,
            "max": 57118.0,
            "count": 10
        },
        "Gabe.Environment.CumulativeReward.mean": {
            "value": 9.655172413793103,
            "min": 8.91891891891892,
            "max": 9.791666666666666,
            "count": 10
        },
        "Gabe.Environment.CumulativeReward.sum": {
            "value": 560.0,
            "min": 300.0,
            "max": 570.0,
            "count": 10
        },
        "Gabe.Policy.ExtrinsicReward.mean": {
            "value": 9.655172413793103,
            "min": 8.91891891891892,
            "max": 9.791666666666666,
            "count": 10
        },
        "Gabe.Policy.ExtrinsicReward.sum": {
            "value": 560.0,
            "min": 300.0,
            "max": 570.0,
            "count": 10
        },
        "Gabe.Losses.PolicyLoss.mean": {
            "value": 0.023397878162019575,
            "min": 0.020223559023579578,
            "max": 0.026193506988990218,
            "count": 10
        },
        "Gabe.Losses.PolicyLoss.sum": {
            "value": 0.11698939081009788,
            "min": 0.09637089919027252,
            "max": 0.1309675349449511,
            "count": 10
        },
        "Gabe.Losses.ValueLoss.mean": {
            "value": 0.5117919764916101,
            "min": 0.38580771724383034,
            "max": 0.5441509005924066,
            "count": 10
        },
        "Gabe.Losses.ValueLoss.sum": {
            "value": 2.558959882458051,
            "min": 1.6678357452154158,
            "max": 2.5621396571397783,
            "count": 10
        },
        "Gabe.Policy.LearningRate.mean": {
            "value": 1.6230694589799996e-05,
            "min": 1.6230694589799996e-05,
            "max": 0.0002846229051257,
            "count": 10
        },
        "Gabe.Policy.LearningRate.sum": {
            "value": 8.115347294899998e-05,
            "min": 8.115347294899998e-05,
            "max": 0.0012842238719253999,
            "count": 10
        },
        "Gabe.Policy.Epsilon.mean": {
            "value": 0.10541020000000001,
            "min": 0.10541020000000001,
            "max": 0.19487429999999997,
            "count": 10
        },
        "Gabe.Policy.Epsilon.sum": {
            "value": 0.527051,
            "min": 0.49965919999999997,
            "max": 0.9280745999999999,
            "count": 10
        },
        "Gabe.Policy.Beta.mean": {
            "value": 0.00027996898,
            "min": 0.00027996898,
            "max": 0.00474422757,
            "count": 10
        },
        "Gabe.Policy.Beta.sum": {
            "value": 0.0013998449,
            "min": 0.0013998449,
            "max": 0.021410922540000002,
            "count": 10
        },
        "Gabe.IsTraining.mean": {
            "value": 1.0,
            "min": 1.0,
            "max": 1.0,
            "count": 10
        },
        "Gabe.IsTraining.sum": {
            "value": 1.0,
            "min": 1.0,
            "max": 1.0,
            "count": 10
        }
    },
    "metadata": {
        "timer_format_version": "0.1.0",
        "start_time_seconds": "1632055847",
        "python_version": "3.9.7 (tags/v3.9.7:1016ef3, Aug 30 2021, 20:19:38) [MSC v.1929 64 bit (AMD64)]",
        "command_line_arguments": "C:\\Users\\Acer\\Desktop\\work\\mlagent\\venv\\Scripts\\mlagents-learn --initialize-from Y_5 --run-id Z_0",
        "mlagents_version": "0.27.0",
        "mlagents_envs_version": "0.27.0",
        "communication_protocol_version": "1.5.0",
        "pytorch_version": "1.9.0+cpu",
        "numpy_version": "1.21.2",
        "end_time_seconds": "1632056096"
    },
    "total": 248.5013208,
    "count": 1,
    "self": 0.009766799999994191,
    "children": {
        "run_training.setup": {
            "total": 0.03257369999999993,
            "count": 1,
            "self": 0.03257369999999993
        },
        "TrainerController.start_learning": {
            "total": 248.4589803,
            "count": 1,
            "self": 0.646784599997801,
            "children": {
                "TrainerController._reset_env": {
                    "total": 4.0272307000000005,
                    "count": 1,
                    "self": 4.0272307000000005
                },
                "TrainerController.advance": {
                    "total": 243.73563530000223,
                    "count": 31289,
                    "self": 0.6226831000028881,
                    "children": {
                        "env_step": {
                            "total": 138.90690530000023,
                            "count": 31289,
                            "self": 118.05792149999971,
                            "children": {
                                "SubprocessEnvManager._take_step": {
                                    "total": 20.465073500002372,
                                    "count": 31289,
                                    "self": 1.924624600000417,
                                    "children": {
                                        "TorchPolicy.evaluate": {
                                            "total": 18.540448900001955,
                                            "count": 31289,
                                            "self": 3.8599320999985522,
                                            "children": {
                                                "TorchPolicy.sample_actions": {
                                                    "total": 14.680516800003403,
                                                    "count": 31289,
                                                    "self": 14.680516800003403
                                                }
                                            }
                                        }
                                    }
                                },
                                "workers": {
                                    "total": 0.3839102999981536,
                                    "count": 31289,
                                    "self": 0.0,
                                    "children": {
                                        "worker_root": {
                                            "total": 243.57272859999924,
                                            "count": 31289,
                                            "is_parallel": true,
                                            "self": 161.98845560000188,