{"cameraMode":{"drawMode":0,"name":"Shaded","section":"Shading Mode"},"sceneLighting":true,"audioPlay":false,"sceneViewState":{"m_AlwaysRefresh":false,"showFog":true,"showSkybox":true,"showFlares":true,"showImageEffects":true,"showParticleSystems":true,"showVisualEffectGraphs":true,"m_FxEnabled":true},"in2DMode":false,"pivot":{"x":1118.5494384765625,"y":-146.96405029296876,"z":145.43487548828126},"rotation":{"x":-0.35148152709007265,"y":0.5792534351348877,"z":-0.3040067255496979,"w":-0.6697109341621399},"size":155.78358459472657,"orthographic":false}