{
    "name": "root",
    "gauges": {
        "Gabe.Policy.Entropy.mean": {
            "value": 1.124439001083374,
            "min": 1.1234835386276245,
            "max": 1.1352559328079224,
            "count": 10
        },
        "Gabe.Policy.Entropy.sum": {
            "value": 56221.94921875,
            "min": 56189.32421875,
            "max": 57671.00390625,
            "count": 10
        },
        "Gabe.Step.mean": {
            "value": 499947.0,
            "min": 49996.0,
            "max": 499947.0,
            "count": 10
        },
        "Gabe.Step.sum": {
            "value": 499947.0,
            "min": 49996.0,
            "max": 499947.0,
            "count": 10
        },
        "Gabe.Policy.ExtrinsicValueEstimate.mean": {
            "value": -0.1487363874912262,
            "min": -0.16526132822036743,
            "max": 0.07337848842144012,
            "count": 10
        },
        "Gabe.Policy.ExtrinsicValueEstimate.sum": {
            "value": -116.90679931640625,
            "min": -129.56488037109375,
            "max": 57.52873229980469,
            "count": 10
        },
        "Gabe.Environment.EpisodeLength.mean": {
            "value": 2741.1111111111113,
            "min": 2550.6,
            "max": 3124.0,
            "count": 10
        },
        "Gabe.Environment.EpisodeLength.sum": {
            "value": 49340.0,
            "min": 42632.0,
            "max": 51012.0,
            "count": 10
        },
        "Gabe.Environment.CumulativeReward.mean": {
            "value": -3.3333333333333335,
            "min": -3.3333333333333335,
            "max": 0.5,
            "count": 10
        },
        "Gabe.Environment.CumulativeReward.sum": {
            "value": -60.0,
            "min": -60.0,
            "max": 10.0,
            "count": 10
        },
        "Gabe.Policy.ExtrinsicReward.mean": {
            "value": -3.3333333333333335,
            "min": -3.3333333333333335,
            "max": 0.5,
            "count": 10
        },
        "Gabe.Policy.ExtrinsicReward.sum": {
            "value": -60.0,
            "min": -60.0,
            "max": 10.0,
            "count": 10
        },
        "Gabe.Losses.PolicyLoss.mean": {
            "value": 0.022178103788792213,
            "min": 0.022175650175098174,
            "max": 0.02526768383065549,
            "count": 10
        },
        "Gabe.Losses.PolicyLoss.sum": {
            "value": 0.08871241515516885,
            "min": 0.08871241515516885,
            "max": 0.12633841915327745,
            "count": 10
        },
        "Gabe.Losses.ValueLoss.mean": {
            "value": 0.012211798169179626,
            "min": 0.000466558072027207,
            "max": 0.028980386777354095,
            "count": 10
        },
        "Gabe.Losses.ValueLoss.sum": {
            "value": 0.048847192676718505,
            "min": 0.002332790360136035,
            "max": 0.14490193388677047,
            "count": 10
        },
        "Gabe.Policy.LearningRate.mean": {
            "value": 1.4819495060199996e-05,
            "min": 1.4819495060199996e-05,
            "max": 0.0002843098552300499,
            "count": 10
        },
        "Gabe.Policy.LearningRate.sum": {
            "value": 5.9277980240799984e-05,
            "min": 5.9277980240799984e-05,
            "max": 0.0012787176737608,
            "count": 10
        },
        "Gabe.Policy.Epsilon.mean": {
            "value": 0.1049398,
            "min": 0.1049398,
            "max": 0.19476995000000005,
            "count": 10
        },
        "Gabe.Policy.Epsilon.sum": {
            "value": 0.4197592,
            "min": 0.4197592,
            "max": 0.9262392000000002,
            "count": 10
        },
        "Gabe.Policy.Beta.mean": {
            "value": 0.00025649602,
            "min": 0.00025649602,
            "max": 0.004739020505,
            "count": 10
        },
        "Gabe.Policy.Beta.sum": {
            "value": 0.00102598408,
            "min": 0.00102598408,
            "max": 0.02131933608,
            "count": 10
        },
        "Gabe.IsTraining.mean": {
            "value": 1.0,
            "min": 1.0,
            "max": 1.0,
            "count": 10
        },
        "Gabe.IsTraining.sum": {
            "value": 1.0,
            "min": 1.0,
            "max": 1.0,
            "count": 10
        }
    },
    "metadata": {
        "timer_format_version": "0.1.0",
        "start_time_seconds": "1632039815",
        "python_version": "3.9.7 (tags/v3.9.7:1016ef3, Aug 30 2021, 20:19:38) [MSC v.1929 64 bit (AMD64)]",
        "command_line_arguments": "C:\\Users\\Acer\\Desktop\\work\\mlagent\\venv\\Scripts\\mlagents-learn --initialize-from Y_12 --run-id Y_13",
        "mlagents_version": "0.27.0",
        "mlagents_envs_version": "0.27.0",
        "communication_protocol_version": "1.5.0",
        "pytorch_version": "1.9.0+cpu",
        "numpy_version": "1.21.2",
        "end_time_seconds": "1632040038"
    },
    "total": 222.73885900000002,
    "count": 1,
    "self": 0.009945300000026691,
    "children": {
        "run_training.setup": {
            "total": 0.03263350000000009,
            "count": 1,
            "self": 0.03263350000000009
        },
        "TrainerController.start_learning": {
            "total": 222.6962802,
            "count": 1,
            "self": 0.5407691000000625,
            "children": {
                "TrainerController._reset_env": {
                    "total": 5.1945334,
                    "count": 1,
                    "self": 5.1945334
                },
                "TrainerController.advance": {
                    "total": 216.92032089999992,
                    "count": 31280,
                    "self": 0.5673192999993262,
                    "children": {
                        "env_step": {
                            "total": 121.77577090000094,
                            "count": 31280,
                            "self": 102.3143375999994,
                            "children": {
                                "SubprocessEnvManager._take_step": {
                                    "total": 19.128813000001834,
                                    "count": 31280,
                                    "self": 1.902090500002796,
                                    "children": {
                                        "TorchPolicy.evaluate": {
                                            "total": 17.22672249999904,
                                            "count": 31280,
                                            "self": 3.7132551999979633,
                                            "children": {
                                                "TorchPolicy.sample_actions": {
                                                    "total": 13.513467300001075,
                                                    "count": 31280,
                                                    "self": 13.513467300001075
                                                }
                                            }
                                        }
                                    }
                                },
                                "workers": {
                                    "total": 0.33262029999969833,
                                    "count": 31280,
                                    "self": 0.0,
                                    "children": {
                                        "worker_root": {
                                            "total": 216.75278200000022,
                                            "count": 31280,
                                            "is_parallel": true,
                                            "self": 147.89298099999905,
                                            "children": {
                                                "steps_from_proto": {
                                                    "total": 0.0004162000000000887,