{
    "name": "root",
    "gauges": {
        "Gabe.Policy.Entropy.mean": {
            "value": 1.6209700107574463,
            "min": 1.6209700107574463,
            "max": 1.6282142400741577,
            "count": 10
        },
        "Gabe.Policy.Entropy.sum": {
            "value": 81126.3046875,
            "min": 80855.3515625,
            "max": 82218.3046875,
            "count": 10
        },
        "Gabe.Environment.EpisodeLength.mean": {
            "value": 142.88662790697674,
            "min": 141.6275659824047,
            "max": 163.9543973941368,
            "count": 10
        },
        "Gabe.Environment.EpisodeLength.sum": {
            "value": 49153.0,
            "min": 48295.0,
            "max": 50334.0,
            "count": 10
        },
        "Gabe.Step.mean": {
            "value": 499989.0,
            "min": 49980.0,
            "max": 499989.0,
            "count": 10
        },
        "Gabe.Step.sum": {
            "value": 499989.0,
            "min": 49980.0,
            "max": 499989.0,
            "count": 10
        },
        "Gabe.Policy.ExtrinsicValueEstimate.mean": {
            "value": 2.86484694480896,
            "min": 2.351889133453369,
            "max": 3.003159999847412,
            "count": 10
        },
        "Gabe.Policy.ExtrinsicValueEstimate.sum": {
            "value": 2661.44287109375,
            "min": 2121.404052734375,
            "max": 2801.9482421875,
            "count": 10
        },
        "Gabe.Environment.CumulativeReward.mean": {
            "value": 6.72463768115942,
            "min": 5.993485342019544,
            "max": 6.891495601173021,
            "count": 10
        },
        "Gabe.Environment.CumulativeReward.sum": {
            "value": 2320.0,
            "min": 1840.0,
            "max": 2380.0,
            "count": 10
        },
        "Gabe.Policy.ExtrinsicReward.mean": {
            "value": 6.72463768115942,
            "min": 5.993485342019544,
            "max": 6.891495601173021,
            "count": 10
        },
        "Gabe.Policy.ExtrinsicReward.sum": {
            "value": 2320.0,
            "min": 1840.0,
            "max": 2380.0,
            "count": 10
        },
        "Gabe.Losses.PolicyLoss.mean": {
            "value": 0.022507875266407306,
            "min": 0.02187687606919401,
            "max": 0.026020485725651573,
            "count": 10
        },
        "Gabe.Losses.PolicyLoss.sum": {
            "value": 0.11253937633203653,
            "min": 0.08791034931734128,
            "max": 0.12369988338226297,
            "count": 10
        },
        "Gabe.Losses.ValueLoss.mean": {
            "value": 0.09625679761171341,
            "min": 0.08041828128819666,
            "max": 0.18240460152427357,
            "count": 10
        },
        "Gabe.Losses.ValueLoss.sum": {
            "value": 0.48128398805856704,
            "min": 0.3216731251527866,
            "max": 0.9120230076213678,
            "count": 10
        },
        "Gabe.Policy.LearningRate.mean": {
            "value": 1.622025459328e-05,
            "min": 1.622025459328e-05,
            "max": 0.00028454055515314997,
            "count": 10
        },
        "Gabe.Policy.LearningRate.sum": {
            "value": 8.110127296640001e-05,
            "min": 8.110127296640001e-05,
            "max": 0.0012838992720335997,
            "count": 10
        },
        "Gabe.Policy.Epsilon.mean": {
            "value": 0.10540672,
            "min": 0.10540672,
            "max": 0.19484685000000002,
            "count": 10
        },
        "Gabe.Policy.Epsilon.sum": {
            "value": 0.5270336,
            "min": 0.49962120000000004,
            "max": 0.9279664000000001,
            "count": 10
        },
        "Gabe.Policy.Beta.mean": {
            "value": 0.0002797953280000001,
            "min": 0.0002797953280000001,
            "max": 0.004742857815,
            "count": 10
        },
        "Gabe.Policy.Beta.sum": {
            "value": 0.0013989766400000006,
            "min": 0.0013989766400000006,
            "max": 0.021405523359999998,
            "count": 10
        },
        "Gabe.IsTraining.mean": {
            "value": 1.0,
            "min": 1.0,
            "max": 1.0,
            "count": 10
        },
        "Gabe.IsTraining.sum": {
            "value": 1.0,
            "min": 1.0,
            "max": 1.0,
            "count": 10
        }
    },
    "metadata": {
        "timer_format_version": "0.1.0",
        "start_time_seconds": "1631869627",
        "python_version": "3.9.7 (tags/v3.9.7:1016ef3, Aug 30 2021, 20:19:38) [MSC v.1929 64 bit (AMD64)]",
        "command_line_arguments": "C:\\Users\\Acer\\Desktop\\work\\3Dgameproject\\3Dgameproject\\venv\\Scripts\\mlagents-learn --initialize-from Arthur --run-id Kate",
        "mlagents_version": "0.27.0",
        "mlagents_envs_version": "0.27.0",
        "communication_protocol_version": "1.5.0",
        "pytorch_version": "1.7.1+cu110",
        "numpy_version": "1.21.2",
        "end_time_seconds": "1631869883"
    },
    "total": 256.3094881,
    "count": 1,
    "self": 0.008009200000003602,
    "children": {
        "run_training.setup": {
            "total": 0.12772139999999998,
            "count": 1,
            "self": 0.12772139999999998
        },
        "TrainerController.start_learning": {
            "total": 256.1737575,
            "count": 1,
            "self": 0.4896359999993365,
            "children": {
                "TrainerController._reset_env": {
                    "total": 6.3783855,
                    "count": 1,
                    "self": 6.3783855
                },
                "TrainerController.advance": {
                    "total": 249.2640166000006,
                    "count": 31283,
                    "self": 0.4722659999998484,
                    "children": {
                        "env_step": {
                            "total": 155.26883940000087,
                            "count": 31283,
                            "self": 117.72629920000368,
                            "children": {
                                "SubprocessEnvManager._take_step": {
                                    "total": 37.23636639999766,
                                    "count": 31283,
                                    "self": 1.5482599999984643,
                                    "children": {
                                        "TorchPolicy.evaluate": {
                                            "total": 35.68810639999919,
                                            "count": 31283,
                                            "self": 12.995553899995667,
                                            "children": {
                                                "TorchPolicy.sample_actions": {
                                                    "total": 22.692552500003526,
                                                    "count": 31283,
                                                    "self": 22.692552500003526
                                                }
                                            }
                                        }
                                    }
                                },
                                "workers": {
                                    "total": 0.3061737999995353,
                                    "count": 31283,
                                    "self": 0.0,
                                    "children": {
                                        "worker_root": {
                                            "total": 250.1902005000002,
                                            "count": 31283,
                                            "is_parallel": true,
                                            "self": 162.23934190000028,