{
    "name": "root",
    "gauges": {
        "Gabe.Policy.Entropy.mean": {
            "value": 1.7074980735778809,
            "min": 1.67459237575531,
            "max": 1.721541404724121,
            "count": 10
        },
        "Gabe.Policy.Entropy.sum": {
            "value": 85566.140625,
            "min": 84193.5625,
            "max": 86242.3359375,
            "count": 10
        },
        "Gabe.Environment.EpisodeLength.mean": {
            "value": 16157.0,
            "min": 82.58620689655173,
            "max": 16157.0,
            "count": 4
        },
        "Gabe.Environment.EpisodeLength.sum": {
            "value": 16157.0,
            "min": 2395.0,
            "max": 16157.0,
            "count": 4
        },
        "Gabe.Step.mean": {
            "value": 499979.0,
            "min": 49976.0,
            "max": 499979.0,
            "count": 10
        },
        "Gabe.Step.sum": {
            "value": 499979.0,
            "min": 49976.0,
            "max": 499979.0,
            "count": 10
        },
        "Gabe.Policy.ExtrinsicValueEstimate.mean": {
            "value": 0.003579192329198122,
            "min": 0.003579192329198122,
            "max": 0.6142992377281189,
            "count": 10
        },
        "Gabe.Policy.ExtrinsicValueEstimate.sum": {
            "value": 2.79534912109375,
            "min": 2.79534912109375,
            "max": 487.1392822265625,
            "count": 10
        },
        "Gabe.Environment.CumulativeReward.mean": {
            "value": 10.0,
            "min": -20.0,
            "max": 10.0,
            "count": 4
        },
        "Gabe.Environment.CumulativeReward.sum": {
            "value": 10.0,
            "min": -20.0,
            "max": 230.0,
            "count": 4
        },
        "Gabe.Policy.ExtrinsicReward.mean": {
            "value": 10.0,
            "min": -20.0,
            "max": 10.0,
            "count": 4
        },
        "Gabe.Policy.ExtrinsicReward.sum": {
            "value": 10.0,
            "min": -20.0,
            "max": 230.0,
            "count": 4
        },
        "Gabe.Losses.PolicyLoss.mean": {
            "value": 0.02399094358351552,
            "min": 0.02216514856869859,
            "max": 0.026324590929531648,
            "count": 10
        },
        "Gabe.Losses.PolicyLoss.sum": {
            "value": 0.11995471791757761,
            "min": 0.08866059427479436,
            "max": 0.12317529728121979,
            "count": 10
        },
        "Gabe.Losses.ValueLoss.mean": {
            "value": 7.71790536964545e-05,
            "min": 7.71790536964545e-05,
            "max": 0.7216036644744842,
            "count": 10
        },
        "Gabe.Losses.ValueLoss.sum": {
            "value": 0.00038589526848227247,
            "min": 0.00038589526848227247,
            "max": 2.886414657897937,
            "count": 10
        },
        "Gabe.Policy.LearningRate.mean": {
            "value": 1.5065494978199997e-05,
            "min": 1.5065494978199997e-05,
            "max": 0.00028454880515039994,
            "count": 10
        },
        "Gabe.Policy.LearningRate.sum": {
            "value": 7.532747489099998e-05,
            "min": 7.532747489099998e-05,
            "max": 0.00128268007244,
            "count": 10
        },
        "Gabe.Policy.Epsilon.mean": {
            "value": 0.10502179999999998,
            "min": 0.10502179999999998,
            "max": 0.1948496,
            "count": 10
        },
        "Gabe.Policy.Epsilon.sum": {
            "value": 0.5251089999999999,
            "min": 0.5251089999999999,
            "max": 0.9275599999999999,
            "count": 10
        },
        "Gabe.Policy.Beta.mean": {
            "value": 0.00026058782,
            "min": 0.00026058782,
            "max": 0.00474299504,
            "count": 10
        },
        "Gabe.Policy.Beta.sum": {
            "value": 0.0013029391,
            "min": 0.0013029391,
            "max": 0.021385244,
            "count": 10
        },
        "Gabe.IsTraining.mean": {
            "value": 1.0,
            "min": 1.0,
            "max": 1.0,
            "count": 10
        },
        "Gabe.IsTraining.sum": {
            "value": 1.0,
            "min": 1.0,
            "max": 1.0,
            "count": 10
        }
    },
    "metadata": {
        "timer_format_version": "0.1.0",
        "start_time_seconds": "1631871622",
        "python_version": "3.9.7 (tags/v3.9.7:1016ef3, Aug 30 2021, 20:19:38) [MSC v.1929 64 bit (AMD64)]",
        "command_line_arguments": "C:\\Users\\Acer\\Desktop\\work\\3Dgameproject\\3Dgameproject\\venv\\Scripts\\mlagents-learn --initialize-from Joe --run-id Panther",
        "mlagents_version": "0.27.0",
        "mlagents_envs_version": "0.27.0",
        "communication_protocol_version": "1.5.0",
        "pytorch_version": "1.7.1+cu110",
        "numpy_version": "1.21.2",
        "end_time_seconds": "1631871875"
    },
    "total": 252.1665496,
    "count": 1,
    "self": 0.0064659999999889806,
    "children": {
        "run_training.setup": {
            "total": 0.1308874,
            "count": 1,
            "self": 0.1308874
        },
        "TrainerController.start_learning": {
            "total": 252.0291962,
            "count": 1,
            "self": 0.4784051000020497,
            "children": {
                "TrainerController._reset_env": {
                    "total": 4.0869378,
                    "count": 1,
                    "self": 4.0869378
                },
                "TrainerController.advance": {
                    "total": 247.42143809999794,
                    "count": 31292,
                    "self": 0.46846169999588483,
                    "children": {
                        "env_step": {
                            "total": 154.6149712000008,
                            "count": 31292,
                            "self": 116.4272304000047,
                            "children": {
                                "SubprocessEnvManager._take_step": {
                                    "total": 37.89712459999957,
                                    "count": 31292,
                                    "self": 1.548306799999395,
                                    "children": {
                                        "TorchPolicy.evaluate": {
                                            "total": 36.34881780000018,
                                            "count": 31292,
                                            "self": 13.094473500001019,
                                            "children": {
                                                "TorchPolicy.sample_actions": {
                                                    "total": 23.254344299999158,
                                                    "count": 31292,
                                                    "self": 23.254344299999158
                                                }
                                            }
                                        }
                                    }
                                },
                                "workers": {
                                    "total": 0.29061619999654376,
                                    "count": 31292,
                                    "self": 0.0,
                                    "children": {
                                        "worker_root": {
                                            "total": 248.41054729999888,
                                            "count": 31292,
                                            "is_parallel": true,
                                            "self": 160.95031200000207,
                                            "children": {
                                                "steps_from_proto": {
                                                    "total": 0.0003294000000000352,
                                                    "count": 1,