{
    "name": "root",
    "metadata": {
        "timer_format_version": "0.1.0",
        "start_time_seconds": "1631938784",
        "python_version": "3.9.7 (tags/v3.9.7:1016ef3, Aug 30 2021, 20:19:38) [MSC v.1929 64 bit (AMD64)]",
        "command_line_arguments": "C:\\Users\\Acer\\Desktop\\work\\mlagent\\venv\\Scripts\\mlagents-learn --initialize-from Solo --run-id Gogo",
        "mlagents_version": "0.27.0",
        "mlagents_envs_version": "0.27.0",
        "communication_protocol_version": "1.5.0",
        "pytorch_version": "1.9.0+cpu",
        "numpy_version": "1.21.2",
        "end_time_seconds": "1631938864"
    },
    "total": 79.6210665,
    "count": 1,
    "self": 0.007666299999996795,
    "children": {
        "run_training.setup": {
            "total": 0.03171219999999997,
            "count": 1,
            "self": 0.03171219999999997
        },
        "TrainerController.start_learning": {
            "total": 79.581688,
            "count": 1,
            "self": 0.3046158999993622,
            "children": {
                "TrainerController._reset_env": {
                    "total": 3.8280722999999997,
                    "count": 1,
                    "self": 3.8280722999999997
                },
                "TrainerController.advance": {
                    "total": 75.33287920000065,
                    "count": 18984,
                    "self": 0.29059200000108376,
                    "children": {
                        "env_step": {
                            "total": 71.81576369999992,
                            "count": 18984,
                            "self": 61.56593409999978,
                            "children": {
                                "SubprocessEnvManager._take_step": {
                                    "total": 10.058338900000349,
                                    "count": 18984,
                                    "self": 0.8470457000007148,
                                    "children": {
                                        "TorchPolicy.evaluate": {
                                            "total": 9.211293199999634,
                                            "count": 18984,
                                            "self": 2.031662199999105,
                                            "children": {
                                                "TorchPolicy.sample_actions": {
                                                    "total": 7.179631000000529,
                                                    "count": 18984,
                                                    "self": 7.179631000000529
                                                }
                                            }
                                        }
                                    }
                                },
                                "workers": {
                                    "total": 0.19149069999979584,
                                    "count": 18983,
                                    "self": 0.0,
                                    "children": {
                                        "worker_root": {
                                            "total": 75.17425020000006,
                                            "count": 18983,
                                            "is_parallel": true,
                                            "self": 26.177613400000155,
                                            "children": {
                                                "steps_from_proto": {
                                                    "total": 0.0002808999999999173,
                                                    "count": 1,
                                                    "is_parallel": true,
                                                    "self": 0.00013259999999970518,
                                                    "children": {
                                                        "_process_rank_one_or_two_observation": {
                                                            "total": 0.00014830000000021215,
                                                            "count": 2,
                                                            "is_parallel": true,
                                                            "self": 0.00014830000000021215
                                                        }
                                                    }
                                                },
                                                "UnityEnvironment.step": {
                                                    "total": 48.996355899999905,
                                                    "count": 18983,
                                                    "is_parallel": true,
                                                    "self": 1.1091617999978851,
                                                    "children": {
                                                        "UnityEnvironment._generate_step_input": {
                                                            "total": 0.8446922000011869,
                                                            "count": 18983,
                                                            "is_parallel": true,
                                                            "self": 0.8446922000011869
                                                        },
                                                        "communicator.exchange": {
                                                            "total": 44.07404399999997,
                                                            "count": 18983,
                                                            "is_parallel": true,
                                                            "self": 44.07404399999997
                                                        },
                                                        "steps_from_proto": {
                                                            "total": 2.968457900000861,
                                                            "count": 18983,
                                                            "is_parallel": true,
                                                            "self": 1.7096375000004103,
                                                            "children": {
                                                                "_process_rank_one_or_two_observation": {
                                                                    "total": 1.2588204000004506,
                                                                    "count": 37966,
                                                                    "is_parallel": true,
                                                                    "self": 1.2588204000004506
                                                                }
                                                            }
                                                        }
                                                    }
                                                }
                                            }
                                        }
                                    }
                                }
                            }
                        },
                        "trainer_advance": {
                            "total": 3.2265234999996464,
                            "count": 18983,
                            "self": 0.31623729999929395,
                            "children": {
                                "process_trajectory": {
                                    "total": 1.2357307000003557,
                                    "count": 18983,
                                    "self": 1.2357307000003557
                                },