{"cameraMode":{"drawMode":0,"name":"Shaded","section":"Shading Mode"},"sceneLighting":true,"audioPlay":false,"sceneViewState":{"m_AlwaysRefresh":false,"showFog":true,"showSkybox":true,"showFlares":true,"showImageEffects":true,"showParticleSystems":true,"showVisualEffectGraphs":true,"m_FxEnabled":true},"in2DMode":false,"pivot":{"x":4.730373382568359,"y":4.163799285888672,"z":0.27860522270202639},"rotation":{"x":-0.1863032877445221,"y":0.0847899541258812,"z":-0.01611890085041523,"w":-0.9787437915802002},"size":4.7716803550720219,"orthographic":true}