{"cameraMode":{"drawMode":0,"name":"Shaded","section":"Shading Mode"},"sceneLighting":true,"audioPlay":false,"sceneViewState":{"m_AlwaysRefresh":false,"showFog":true,"showSkybox":true,"showFlares":true,"showImageEffects":true,"showParticleSystems":true,"showVisualEffectGraphs":true,"m_FxEnabled":true},"in2DMode":false,"pivot":{"x":4.730373382568359,"y":4.163799285888672,"z":0.27860522270202639},"rotation":{"x":-0.18183687329292298,"y":0.15215447545051576,"z":-0.02847118116915226,"w":-0.9711254835128784},"size":20.010112762451173,"orthographic":true}